province,latitude,longitude
Namur,50.1596036,5.2221665
Antwerp,51.0216389,4.4749801
Hainaut,50.45453,4.55332
Limburg,51.10882,5.191537
Brussels Capital Region,50.8412104,4.3005705
Walloon Brabant,50.7011788,4.6191047
Brussels Capital Region,50.9000847,4.3601883
East Flanders,50.8311501,3.993735
Luxembourg,50.3609641,5.5993089
Luxembourg,50.1229818,5.707116
Limburg,51.05405,5.333481
Antwerp,51.17469,4.438775
West Flanders,51.3566967,3.3064414
Limburg,51.03659,5.28902
Namur,50.5103824,4.5762791
Hainaut,50.7327228,3.6482519
Liège,50.5341543,5.2407774
Namur,50.21931,5.17081
Namur,50.25732,4.92347
Limburg,51.030004,5.7279111
Hainaut,50.4019348,4.4785529
Limburg,50.969278,5.6619185
Brussels Capital Region,50.8121298,4.4210424
East Flanders,51.054075,3.800096
Flemish Brabant,50.9113762,4.3727272
Brussels Capital Region,50.8363943,4.330434
Flemish Brabant,50.9356235,4.3785596
Luxembourg,50.2899894,5.9276177
Flemish Brabant,50.9749605,4.6389488
Hainaut,50.4833534,3.8384439
Hainaut,50.4134497,4.477443
West Flanders,51.1664752,3.3315477
West Flanders,50.7316074,3.3813911
Brussels Capital Region,50.8,4.3333333
Luxembourg,49.5822465,5.7588053
Luxembourg,49.5871911,5.5862953
Liège,50.5995428,5.5165098
West Flanders,51.2946419,3.1358267
Liège,50.5924052,5.59728354
Antwerp,51.272373,4.5196054
East Flanders,51.1614594,4.1648034
Hainaut,50.6218588,3.3941758
West Flanders,51.1107811,2.6635753
Luxembourg,50.1784748,5.6636753
Namur,50.25238755,4.67508226
Luxembourg,49.8826718,5.5498718
Brussels Capital Region,50.8885746,4.3171957
Luxembourg,49.7994608,5.46778
Liège,50.1966077,6.1376625
West Flanders,51.2572364,3.0544152
Limburg,50.85629,5.387601
Liège,50.6873139,5.6731744
Liège,50.6592997,5.5406234
Brussels Capital Region,50.8528157,4.3394294
Luxembourg,50.2011096,5.5400736
Liège,50.6363965,5.5187347
Limburg,51.07048,5.091363
Liège,50.7081463,5.6601736
Brussels Capital Region,50.8900331,4.3745984
Luxembourg,49.6833333,5.8166667
West Flanders,50.7873366,3.1283242
East Flanders,50.96589,3.97743
West Flanders,51.3001564,3.0894365
West Flanders,50.7904546,3.1658604
Brussels Capital Region,50.8808582,4.3227894
West Flanders,50.8910231,3.4279556
East Flanders,50.9612713,3.9951814
Flemish Brabant,50.8348579,4.4783496
Liège,50.6033855,5.51572059
Hainaut,50.4158684,4.5195068
Hainaut,50.7459126,3.219272
Antwerp,51.0980628,4.5051426
Antwerp,51.16416,4.398666
Brussels Capital Region,50.8412782,4.3395613
Liège,50.6209081,5.6957552
West Flanders,50.8326247,2.915139
Brussels Capital Region,50.8648307,4.3491892
Namur,50.4182043,4.6224097
Brussels Capital Region,50.8,4.3333333
Flemish Brabant,50.8845036,4.2718907
Liège,50.7186325,5.686073
Brussels Capital Region,50.8599241,4.4172194
West Flanders,51.2459,2.962663
East Flanders,51.0592439,3.7427355
Namur,50.4143728,4.8877835
Antwerp,51.32067,5.092209
Namur,50.467898,4.8626865
Namur,50.552108,4.9855088
East Flanders,50.96589,3.97743
Liège,50.4859585,5.8808516
Liège,50.7055329,5.1882406
Luxembourg,50.247604,5.8350543
Limburg,51.0861634,5.7642631
Hainaut,50.372016,3.8058371
Antwerp,51.13388,4.553881
Liège,50.5718537,5.5803487
West Flanders,51.2008402,3.1972242
East Flanders,51.0316476,4.1076803
East Flanders,50.9893256,3.887538
Namur,50.0748018,4.5483364
Brussels Capital Region,50.7872304,4.3740169
West Flanders,50.7806525,3.0417911
East Flanders,50.99803,4.115736
Namur,50.5105595,5.0846244
Namur,50.1003926,4.9059609
West Flanders,50.9964812,3.3217387
West Flanders,51.1048526,2.6171564
West Flanders,51.2291015,2.9190149
West Flanders,51.1294935,2.7665503
Luxembourg,50.2492013,5.8381112
Flemish Brabant,50.9668319,4.1965437
Luxembourg,50.3780315,5.5393552
Brussels Capital Region,50.8627229,4.3536052
Liège,50.4766843,5.6807206
Hainaut,50.469385,4.1892216
Brussels Capital Region,50.8368495,4.3407164
Antwerp,51.0166667,4.55
West Flanders,51.20172,3.201313
Brussels Capital Region,50.8383834,4.3119787
Luxembourg,50.28976405,5.53569386
Brussels Capital Region,50.8300545,4.3616733
Hainaut,50.4440884,3.9046018
Luxembourg,49.6852352,5.81541586
Brussels Capital Region,50.8559698,4.3485481
Brussels Capital Region,50.8345993,4.3510843
Antwerp,51.1242638,4.867517
West Flanders,51.1162221,2.6388219
East Flanders,51.0144842,3.6036427
East Flanders,51.1101028,3.7067231
Hainaut,50.3682434,4.2662585
Brussels Capital Region,50.8205165,4.3722246
Hainaut,50.6513567,3.5935257
Hainaut,50.53966374,4.32481319
Brussels Capital Region,50.8881986,4.3412755
Flemish Brabant,50.86891,4.08729
East Flanders,50.7517805,3.6250591
West Flanders,51.0578926,2.8839529
Liège,50.5890702,5.8710967
Luxembourg,49.6775424,5.7977705
Limburg,50.98514,5.530863
Liège,50.6395956,5.2198564
Antwerp,51.2604909,4.6537454
Antwerp,51.20414,4.443799
Limburg,50.94064406,5.30576893
Limburg,50.97465905,5.10987145
Hainaut,50.3973615,4.4512901
Antwerp,51.20971,4.413988
Antwerp,51.1672,4.452268
Antwerp,51.0438134,4.515997
Liège,50.58974384,5.68630015
Namur,50.2962901,5.1026339
Luxembourg,49.8960983,5.1190822
Brussels Capital Region,50.8280783,4.3747084
East Flanders,50.8330574,3.9121792
Namur,50.05,4.4833333
Brussels Capital Region,50.87113,4.30253
Brussels Capital Region,50.87113,4.30253
Liège,50.5651144,5.5822613
East Flanders,51.1787632,3.7466865
Luxembourg,49.6981147,5.7638114
Namur,50.1885569,4.82942845
Limburg,50.9668819,5.3582608
Antwerp,51.31944,4.944546
Limburg,51.0983909,5.7837625
Limburg,50.7629161,5.529035
West Flanders,51.1157507,2.6363602
Antwerp,51.32973,4.775261
Liège,50.5672767,5.1655285
Hainaut,50.4792056,3.7659709
Liège,50.6186445,5.6660028
Hainaut,50.722568,3.2326156
Liège,50.4225942,6.1829196
Namur,50.452646,4.8634425
Brussels Capital Region,50.8515472,4.3476936
Brussels Capital Region,50.8427501,4.3515499
Hainaut,50.4000125,3.7827922
Liège,50.5805107,5.5479676
Namur,50.1003926,4.9059609
Namur,50.09513,4.8927700000000005
Liège,50.6226992,5.60116963
Walloon Brabant,50.6465999,4.5620269
Luxembourg,50.16231895,5.8204473
Hainaut,50.7459126,3.219272
West Flanders,51.2068128,3.2288311
Liège,50.60864107,5.71139834
Luxembourg,50.1758217,5.6069161
Luxembourg,49.69201,5.807975
Hainaut,50.6379973,3.3788194
Luxembourg,49.934764,5.1208909
Luxembourg,49.8271711,5.7323366
Brussels Capital Region,50.8159764,4.3872126
Walloon Brabant,50.5961305,4.3203397
Brussels Capital Region,50.8471702,4.4388927
Limburg,50.8991348,5.2745435
Liège,50.6014236,5.4454345
Luxembourg,50.32456379,5.90858667
Liège,50.62710365,5.04339442
Brussels Capital Region,50.8174646,4.4278945
Hainaut,50.5784046,3.3280009
East Flanders,51.0089468,3.7019618
Antwerp,51.17356,4.443089
Namur,50.3453749,5.0922322
Namur,50.16615,4.493142
Liège,50.6069023,5.8692338
Namur,50.4882292,5.0973161
Brussels Capital Region,50.792611,4.328551
East Flanders,51.0508537,3.7216346
Brussels Capital Region,50.8183781,4.3352816
West Flanders,51.0002459,2.869372
Antwerp,51.22132,4.378788
East Flanders,51.0453877,3.7289744
Walloon Brabant,50.6969022,4.3538379
Limburg,50.81865,5.191322
Luxembourg,50.37853009,5.53796598
Luxembourg,49.5678141,5.5324358
Brussels Capital Region,50.8235717,4.3766927
East Flanders,50.87214,4.06141
Hainaut,50.710378,3.8284601
Hainaut,50.6755806,3.2758222
Hainaut,50.385473,3.7525313
Liège,50.6315619,5.5753932
East Flanders,51.23186,4.056809
Hainaut,50.4319362,4.4447097
Hainaut,50.513555,4.3581617
Liège,50.58541,5.283798
East Flanders,51.0517081,3.7737388
Brussels Capital Region,50.8702531,4.3133233
Limburg,51.04496,5.227842
Limburg,51.2174896,5.3091155
West Flanders,51.1697856,2.7779143
East Flanders,50.9874768,3.539389
West Flanders,51.1397352,2.7375668
Limburg,50.9264,5.5518456
Namur,50.32579759,4.87506224
Antwerp,51.31104,4.854411
Namur,50.4774303,5.0526491
West Flanders,50.9288715,3.0121862
Brussels Capital Region,50.829243,4.3084555
Namur,50.1694226,4.9798922
Antwerp,51.3043858,4.7236195
Liège,50.6262964,5.7186216
Namur,50.0795458,4.4688013
Namur,50.2127777,4.808074
Hainaut,50.7459126,3.219272
Walloon Brabant,50.7186332,4.8833029
Hainaut,50.4003254,3.7911841
Brussels Capital Region,50.8427501,4.3515499
Hainaut,50.6056059,3.3880367
West Flanders,51.3123743,3.1327685
Liège,50.71255,6.07999
Luxembourg,50.2244029,5.2889006
Antwerp,51.22524,4.438233
Namur,50.0322269,4.9224132
Hainaut,50.7459126,3.219272
Limburg,50.8629917,5.5426022
East Flanders,51.0678307,3.7290914
Hainaut,50.0844529,4.2660214
Namur,50.4733672,4.8561082
Namur,50.158914,5.2230651
Hainaut,50.4666667,4.2833333
Liège,50.6434646,5.6186865
Namur,50.4630907,4.6786862
Limburg,50.7830418,5.5960028
Walloon Brabant,50.6969022,4.3538379
Flemish Brabant,50.8967746,4.3213161
Luxembourg,49.99932577,5.72374117
Hainaut,50.6056059,3.3880367
Hainaut,50.7389812,3.26082857
Namur,50.3388591,5.3734448
East Flanders,50.9312119,3.6582627
West Flanders,51.0936014,3.2055679
Limburg,50.9641734,5.6950552
Liège,50.6722871,5.6311791
Hainaut,50.703152,2.8975904
West Flanders,51.0360194,3.1073569
Limburg,51.0896523,5.2274948
West Flanders,51.12232,2.64121
Hainaut,50.4582802,4.201111
East Flanders,50.919806,4.0590625
Flemish Brabant,50.7779545,4.284657
Hainaut,50.4082363,3.8771551
Liège,50.6389551,5.5939788
Brussels Capital Region,50.8242291,4.3708004
Antwerp,51.3215184,4.9395112
East Flanders,50.7707855,3.4823500000000003
Walloon Brabant,50.8252574,4.2630142
Luxembourg,49.99636725,5.70892458
Namur,50.5528705,4.7034309
Liège,50.4324157,5.6662875
Luxembourg,49.68183875,5.51420838
Luxembourg,49.73368655,5.64458108
Liège,50.6330353,5.56713
Brussels Capital Region,50.8274012,4.2864578
Liège,50.6566159,5.6131789
Luxembourg,50.3302902,5.4357028
Liège,50.5163327,5.2407417
West Flanders,51.1701215,2.775808
Hainaut,50.6064281,3.3809614
Brussels Capital Region,50.874464,4.399615
Liège,50.60633,5.31729
Flemish Brabant,50.8375052,4.2661305
Brussels Capital Region,50.8427501,4.3515499
East Flanders,51.0128155,3.8798238
Luxembourg,50.2295537,5.3544629
East Flanders,51.0655721,3.697153
Luxembourg,50.0575065,5.0650474
Luxembourg,50.32674315,5.53119851
East Flanders,51.052113,3.7627804
Hainaut,50.647385,3.924992
Liège,50.4122259,5.786103
Hainaut,50.47274,4.58783
West Flanders,51.1090847,2.613348
West Flanders,51.043016,3.39252
Liège,50.5579358,5.3054394
Flemish Brabant,50.7981319,4.9256449
Liège,50.5927801,5.5100518
Antwerp,51.02745,4.69272
West Flanders,51.2063199,3.1987221
Luxembourg,49.6833444,5.5131279
West Flanders,50.8264927,3.2912304
Namur,50.3002022,4.478918
Hainaut,50.6379973,3.3788194
Liège,50.6235396,5.4559505
Liège,50.52128,5.2336781
Brussels Capital Region,50.8291619,4.3399954
Hainaut,50.4614874,4.2008694
West Flanders,51.3181959,3.137704
Luxembourg,50.2865818,5.9154529
West Flanders,51.1200199,2.6378157
Flemish Brabant,51.0008,4.310564
Hainaut,50.7459126,3.219272
Antwerp,51.1646922,4.9898859
Liège,50.6350757,5.5628874
Hainaut,50.4009679,4.4472629
Antwerp,51.22135,4.435822
Liège,50.4427485,6.0186004
Liège,50.4302211,6.0400343
Liège,50.5700671,5.6738485
Luxembourg,50.0813186,5.2170963
Luxembourg,49.6833333,5.8166667
Liège,50.6272616,5.7635456
Liège,50.6410482,5.5859893
Brussels Capital Region,50.8380503,4.3070745
Namur,50.1954317,4.8217158
Antwerp,51.02697,4.479692
Liège,50.6613083,5.1804569
Namur,50.17701,4.46613
Antwerp,51.04624,4.711979
West Flanders,51.1730748,2.7805417
West Flanders,51.2319062,2.9410919
Walloon Brabant,50.7109736,4.5306325
Hainaut,50.7289846,3.3031995
Limburg,50.7683464,5.5188134
Namur,50.4505636,4.63183724
Antwerp,51.2102865,4.4334877
Antwerp,51.04441,4.33026
Liège,50.76911,5.62849
Hainaut,50.5288692,3.6923262
Flemish Brabant,50.8464512,4.2620632
Flemish Brabant,50.8472617,4.1405885
Limburg,50.99133,5.383344
Hainaut,50.4000125,3.7827922
Antwerp,51.1692603,4.9896809
West Flanders,51.3405954,3.2408021
Limburg,51.0366,5.28909
Luxembourg,49.91271644,5.6069159
Luxembourg,49.7506158,5.7863474
Namur,50.2983862,5.36611379
Namur,50.4218566,4.7601639
Hainaut,50.4122221,4.4430817
Liège,50.6959738,5.0743354
Namur,50.2317558,4.6867974
East Flanders,51.0343944,3.7160273
West Flanders,51.2767959,3.2369097
Limburg,50.822061,5.4960868
Liège,50.6089708,5.5540817
Hainaut,50.4008711,4.529364
East Flanders,51.138374,4.0901422
Namur,50.2956773,5.1008307
Antwerp,51.08542,4.910314
Flemish Brabant,50.8866369,5.1620642
Hainaut,50.608334,4.141006
Antwerp,51.0980628,4.5051426
West Flanders,51.1909308,3.1927586
Brussels Capital Region,50.8781736,4.3246127
Liège,50.5989249,5.875067
Limburg,51.0117779,5.6107749
Brussels Capital Region,50.874464,4.399615
Liège,50.4324157,5.6662875
Liège,50.5089671,5.4292731
Namur,50.2539065,4.8329279
West Flanders,51.2031289,2.9295195
West Flanders,50.8928535,3.4238919
Namur,50.4924071,5.09649361
Hainaut,50.6056059,3.3880367
Limburg,50.9457188,5.3446053
Liège,50.5875836,5.5429807
West Flanders,51.1043977,2.5952349
Luxembourg,49.5882419,5.8161503
Brussels Capital Region,50.8515792,4.4408888
Namur,50.60063,4.83849
Namur,50.50087945,5.11556684
East Flanders,50.8033904,4.0618153
Hainaut,50.499402,4.237712
Hainaut,50.7459126,3.219272
Luxembourg,50.2645091,5.5719821
Brussels Capital Region,50.8535532,4.3991328
Limburg,51.0807849,5.6920887
Liège,50.5761936,5.6676581
Luxembourg,50.334975,5.4993387
West Flanders,51.2188547,2.9079127
Brussels Capital Region,50.8389572,4.304168
East Flanders,51.2300624,3.6777432
Namur,50.4550929,4.8610363
Luxembourg,50.2937258,5.4878158
Hainaut,50.430546,4.4224485
Hainaut,50.6448071,3.283159
Antwerp,51.0468819,4.6453665
Hainaut,50.4477295,4.3736
Hainaut,50.34059505,4.48012234
East Flanders,50.8311501,3.993735
Liège,50.6024841,5.5388358
East Flanders,50.9231257,4.0364533
Limburg,51.1913215,5.3966251
Liège,50.6012879,5.5362101
West Flanders,50.9156749,3.1279742
Liège,50.5437393,5.4596177
West Flanders,50.7849727,3.1624143
Limburg,51.12057,5.800419
Brussels Capital Region,50.8,4.3166667
Hainaut,50.425877,3.7969506
Walloon Brabant,50.5886574,4.3308649
Brussels Capital Region,50.8,4.3166667
West Flanders,51.1320947,2.7486472
Brussels Capital Region,50.8256667,4.3636352
Hainaut,50.4336915,3.8889901
Namur,50.1709526,4.4141004
East Flanders,50.9299764,3.6296182
Hainaut,50.7524903,3.1965602
Luxembourg,49.9815451,5.2572
Antwerp,51.32402,4.953304
Namur,50.39455,4.69617
Walloon Brabant,50.6969022,4.3538379
Antwerp,51.0535601,4.7940598
East Flanders,51.0514749,3.7139421
East Flanders,51.1512046,4.1838272
East Flanders,50.9307376,4.0188503
West Flanders,51.113813,2.624664
Namur,50.55196,4.80103
Limburg,50.8171543,5.1899117
Brussels Capital Region,50.8123031,4.4224499
Limburg,51.033044,5.1608015
East Flanders,51.0882632,3.6354841
Liège,50.5013749,5.23667045
Liège,50.5753864,5.8077038
Namur,50.4185928,4.9239001
Antwerp,51.13459,4.569686
Liège,50.5826201,5.4024082
Brussels Capital Region,50.8279671,4.3693821
Walloon Brabant,50.7109736,4.5306325
Brussels Capital Region,50.847428,4.386633
Brussels Capital Region,50.866091,4.3349933
Hainaut,50.4084642,4.4402683
Luxembourg,49.6844056,5.8193322
Liège,50.458263,5.5683937
Hainaut,50.7207024,3.7806795
Antwerp,51.25977,4.437997
Liège,50.6092594,5.6020747
Antwerp,51.02307,4.607284
Antwerp,51.28337,4.413642
Hainaut,50.499402,4.237712
Brussels Capital Region,50.8509886,4.366981
Namur,50.2145664,4.7758722
Namur,50.263864,4.3165161
Brussels Capital Region,50.82774,4.30645
West Flanders,51.3151647,3.1237396
Namur,50.462701,4.8659074
Namur,50.6281907,4.9656289
Luxembourg,50.069098,4.8472933
Namur,50.2956773,5.1008307
Liège,50.5953605,5.5157595
Limburg,51.04412,5.31758
East Flanders,50.83879,4.017018
East Flanders,51.0568839,3.7434702
Antwerp,51.18088,4.376759
East Flanders,51.16564,4.131914
East Flanders,50.8469306,3.6014367
Brussels Capital Region,50.80631,4.3132
East Flanders,50.7947407,3.8974016
Brussels Capital Region,50.8652836,4.3104824
West Flanders,51.3561039,3.3043761
Namur,50.43353,4.6081900000000005
Namur,50.4629927,4.8771042
Brussels Capital Region,50.8932097,4.3206026
Brussels Capital Region,50.83536,4.34443
Hainaut,50.3334575,4.351614
Liège,50.6052248,5.7101527
Liège,50.6376713,5.5625097
Liège,50.6334167,5.5470893
Hainaut,50.2196183,4.3714428
West Flanders,51.1721347,2.7792179
Brussels Capital Region,50.8235717,4.3766927
Flemish Brabant,50.7987953,4.2885414
Antwerp,51.05612,4.54626
Flemish Brabant,50.7755496,4.0614895
Hainaut,50.40176,3.93218
Namur,49.85379,4.96318
Liège,50.6631375,5.5994959
Namur,50.4736772,4.8971914
Flemish Brabant,50.74784265,4.28294283
Flemish Brabant,50.7351916,4.255069
Brussels Capital Region,50.8450368,4.353809
Flemish Brabant,50.7750696,4.0710036
Brussels Capital Region,50.8273546,4.2864259
Antwerp,51.1838752,4.4319229
East Flanders,50.7424173,3.6055456
Namur,50.0249716,4.6388889
Flemish Brabant,50.7976083,4.6516985
Walloon Brabant,50.6173349,4.5132616
Liège,50.62092201,5.6605927
Liège,50.6321028,6.0312236
Luxembourg,50.2343347,5.8444036
Namur,50.2421478,4.921429
Namur,50.4398448,5.1547824
Antwerp,51.21206,4.45987
Antwerp,51.351504,4.7580195
Luxembourg,49.6337301,5.34369145
Antwerp,51.3052409,4.5629722
Antwerp,51.20634,4.42743
Brussels Capital Region,50.83271,4.30787
Namur,50.0244703,4.6355472
Hainaut,50.6056059,3.3880367
Hainaut,50.366628,3.6942525
Luxembourg,50.0005973,5.7152666
Antwerp,51.0116174,4.510945
Namur,50.12543,5.18756
Hainaut,50.608334,4.141006
Brussels Capital Region,50.8589178,4.3120744
Namur,50.3647074,5.2395547
Flemish Brabant,50.98816,4.917434
Luxembourg,50.3350543,5.4345624
West Flanders,50.7946478,3.1849946
West Flanders,51.1220433,2.641145
Liège,50.67760205,5.55280287
Namur,50.4185928,4.9239001
Hainaut,50.43634,3.82627
East Flanders,50.9511248,3.4331052
Antwerp,51.2285073,4.42456
Limburg,51.23100205,5.31320767
Liège,50.44096,5.66651
Hainaut,50.18943,4.36808
Luxembourg,49.63278225,5.83374848
Liège,50.63243,5.5844298
Namur,50.44215,5.1542
Antwerp,51.24453,4.44618
Antwerp,51.21842,4.424929
West Flanders,50.9561772,2.9108096
Limburg,51.2227893,5.308234
West Flanders,51.3441427,3.2788009
Hainaut,50.3562116,4.57794117
East Flanders,50.76634,3.864994
Hainaut,50.738441,3.2337149
Luxembourg,50.2303731,5.3440801
Brussels Capital Region,50.8598988,4.3381538
Namur,50.4185928,4.9239001
Antwerp,51.06135494,4.65473337
Liège,50.5075432,5.24368604
Hainaut,50.4157265,4.449213
Antwerp,51.2237,4.481293
Brussels Capital Region,50.8501828,4.4005491
Flemish Brabant,50.916161,4.4165316
Namur,50.3002685,5.35722741
Brussels Capital Region,50.865341,4.295748
Liège,50.5278607,5.25482411
East Flanders,51.20049,3.930842
Limburg,51.25079,5.540933
Liège,50.68039,6.11657
Liège,50.5114278,5.3977799
Liège,50.5974413,5.8634908
Antwerp,51.0925088,4.5531142
Antwerp,51.2219,4.383765
Hainaut,50.4682104,4.53900127
Antwerp,51.16102,4.998247
Brussels Capital Region,50.7829644,4.3456862
Luxembourg,49.5655145,5.5346584
Luxembourg,49.6838102,5.8150374
Antwerp,51.293093,4.46442362
Antwerp,51.22353,4.398828
Namur,50.4952668,5.0870873
Hainaut,50.4686305,4.0565762
Limburg,50.9393999,5.3371979
Hainaut,50.7459126,3.219272
Hainaut,50.5211171,3.9933933
Brussels Capital Region,50.8235717,4.3766927
Antwerp,51.340305,4.7605093
Brussels Capital Region,50.8201847,4.3858693
Antwerp,51.24965,4.453991
Namur,49.98081,4.93707
Luxembourg,50.1806656,5.9814426
Brussels Capital Region,50.8363517,4.3395961
Namur,50.4745726,4.8427505
Liège,50.7127029,5.6261513
Hainaut,50.4055556,3.8747222
Namur,50.41730635,5.30293195
Brussels Capital Region,50.8340535,4.3454694
Liège,50.6144,5.83447
Flemish Brabant,50.75858,4.475103
Brussels Capital Region,50.8516118,4.3733382
Brussels Capital Region,50.8037121,4.3326635
Hainaut,49.992345,4.3197407
Hainaut,50.5210755,3.440289
Brussels Capital Region,50.8365808,4.308187
Liège,50.4351989,5.6079547
Brussels Capital Region,50.8267674,4.3069154
East Flanders,51.0103403,3.6374217
Antwerp,51.16631,4.65695
Limburg,50.8158825,5.1794348
Luxembourg,50.0853765,5.67035
Antwerp,51.1764567,4.5255389
West Flanders,51.2150104,3.2242703
Antwerp,51.2104665,4.3282344
Brussels Capital Region,50.8296629,4.3574186
Antwerp,51.2116211,4.4293013
West Flanders,50.9387847,3.1451697
Hainaut,50.4,4.2666667
Brussels Capital Region,50.8345466,4.3582377
Luxembourg,49.717956,5.174034
Namur,50.50501055,4.99256661
West Flanders,50.8335097,3.4789005
East Flanders,50.884149,4.0707683
West Flanders,51.1486582,2.7213565
Luxembourg,49.5665159,5.8019936
Antwerp,51.313413,4.84568247
Liège,50.6159302,5.4993813
Flemish Brabant,50.88177,4.703549
Brussels Capital Region,50.8255097,4.340122
Liège,50.6888202,5.5977696
Liège,50.4659869,6.1040305
Limburg,51.0892877,5.2251374
Limburg,50.816152,5.1817831
Limburg,50.9704848,5.6876246
Namur,50.4634241,4.869321
East Flanders,50.99475,3.74567
East Flanders,50.93754,4.04108
Limburg,51.0504523,5.2180968
East Flanders,51.2355772,4.0435384
Hainaut,50.7459126,3.219272
Hainaut,50.6056059,3.3880367
Hainaut,50.4378687,4.0118304
Namur,50.4674593,4.8718068
Brussels Capital Region,50.8486012,4.3444454
Luxembourg,49.6775602,5.8115015
Brussels Capital Region,50.7997175,4.36045928
Hainaut,50.4845002,4.2092674
Luxembourg,50.0762069,5.092396
Brussels Capital Region,50.8648307,4.3491892
East Flanders,51.0103403,3.6374217
Namur,50.2399432,4.84443
Hainaut,50.63843,4.1696
Liège,50.5139462,5.2578583
Namur,50.4547232,5.1429988
Hainaut,50.41114,4.58644
Namur,50.58374,4.77469
East Flanders,51.0315098,3.7645417
Liège,50.7802027,5.6946948
West Flanders,50.9495202,3.1391584
Antwerp,51.05793807,4.66743152
Hainaut,50.3543123,3.9274387
Luxembourg,49.8294629,5.0884396
West Flanders,51.2225629,2.9566655
West Flanders,51.3542041,3.2963339
Flemish Brabant,50.8082448,5.0196135
Liège,50.6458034,5.5322934
Flemish Brabant,50.77423,4.479035
Flemish Brabant,51.0282265,4.7914455
Liège,50.5362285,5.5738404
East Flanders,50.79602,3.895222
Limburg,51.0418849,5.1771636
Limburg,51.22448,5.305572
Luxembourg,49.6975996,5.4103246
Antwerp,51.22196,4.417944
Liège,50.6183172,5.9959271
Antwerp,51.18644,4.517848
West Flanders,50.8294829,3.26582
Antwerp,51.08102,4.596061
Liège,50.7153001,6.0120785
Hainaut,50.3693903,3.8816846
Limburg,51.0115155,5.718363
Liège,50.6713509,5.6049648
Hainaut,50.4378687,4.0118304
Hainaut,50.41524,4.45707
Luxembourg,49.9189968,5.16239493
Antwerp,51.34251,4.649477
Limburg,51.11689,5.264095
West Flanders,51.1553141,3.162076
Flemish Brabant,50.80054,4.29185
Liège,50.6159302,5.4993813
Limburg,51.1276225,5.7632174
Brussels Capital Region,50.8309845,4.4640386
Antwerp,51.02946,4.856117
Luxembourg,50.22735,5.34534
Hainaut,50.5971918,3.6241539
Hainaut,50.6067159,3.3855903
Liège,50.6029379,5.5881125
Liège,50.5270155,5.4143001
Brussels Capital Region,50.8469517,4.3876671
West Flanders,51.201146,3.323671
Antwerp,51.16577,4.61195
Limburg,51.1079679,5.22513
Hainaut,50.4151255,4.4869963
Flemish Brabant,50.8504804,4.5845616
Liège,50.6399136,5.5926844
East Flanders,51.0678307,3.7290914
Liège,50.7055329,5.1882406
West Flanders,51.351939,3.2908603
Namur,50.4452761,4.8733827
Luxembourg,49.7019786,5.3149945
East Flanders,51.21345,4.25817
Namur,50.3868685,5.2497436
West Flanders,51.2260564,2.9080012
East Flanders,50.7699,3.882984
Liège,50.50218142,5.5618852
Antwerp,51.32402,4.953304
Namur,50.4024613,5.0755536
Brussels Capital Region,50.83227,4.43382
Antwerp,51.25327,4.446379
Liège,50.5681049,5.8027988
West Flanders,51.2071742,3.2155323
West Flanders,50.9626552,3.037167
West Flanders,51.21809,2.914051
East Flanders,51.21975,4.207185
Luxembourg,49.8462441,5.53155957
Antwerp,51.0761539,4.8043706
Antwerp,51.18189,4.343853
Namur,50.4293664,4.6373377
Flemish Brabant,50.76622,4.463967
Hainaut,50.7459126,3.219272
Hainaut,50.3944472,3.787517
Hainaut,50.4119717,4.4397772
East Flanders,51.0942921,3.8491223
East Flanders,50.94345,3.94817
Brussels Capital Region,50.8518488,4.3947015
Limburg,51.1134091,5.2440007
Antwerp,51.19072,4.713866
Antwerp,51.21734,4.43644
Hainaut,50.4080301,4.5809294
Luxembourg,50.1701137,5.2880838
Brussels Capital Region,50.8228861,4.4141387
Namur,50.46284,4.863938
Brussels Capital Region,50.8906839,4.3811002
Walloon Brabant,50.69054,4.2026
Luxembourg,50.26728,5.44568
Antwerp,51.249,4.450568
Liège,50.7342369,5.7605359
Luxembourg,50.1670102,5.41552
Namur,50.32465,4.88183
Antwerp,51.20496,4.903675
East Flanders,51.1019546,3.6615627
Antwerp,51.03432,4.4877
Luxembourg,49.5566185,5.789541
East Flanders,50.93217,3.5283798
Liège,50.6043476,5.6108879
Liège,50.7422046,5.9933312
Liège,50.7085939,6.0026874
East Flanders,51.0987061,4.1292638
Antwerp,51.2407352,4.5834231
Limburg,51.22834,5.442258
Brussels Capital Region,50.800919,4.414715
East Flanders,50.80276,3.76382
Antwerp,51.22123,4.417826
Hainaut,50.0481883,4.3148612
West Flanders,51.1695141,2.7754035
Antwerp,51.19861,4.459456
East Flanders,51.13468,4.206624
Luxembourg,50.1796641,5.5877402
Liège,50.6070899,5.4782527
Namur,50.18842345,4.8296656
Liège,50.66591,5.62306
West Flanders,51.1146758,2.6186933
Hainaut,50.4162202,4.4865897
Brussels Capital Region,50.874464,4.399615
Brussels Capital Region,50.862339,4.3055668
Hainaut,50.4403988,3.9120127
Antwerp,51.1822055,4.3763071
Walloon Brabant,50.6969022,4.3538379
Namur,50.26019,4.91284
Limburg,50.8202118,5.1935454
Luxembourg,50.3465233,5.4272543
Namur,50.29680143,5.10202836
Flemish Brabant,50.919837,4.5617167
Flemish Brabant,50.931512,4.90571246
Namur,50.25276,4.91776
Antwerp,51.17655,4.7656600000000005
West Flanders,51.0924495,3.0637077
Namur,50.2910149,4.39873013
Namur,50.2759229,4.499594
Liège,50.6202707,5.5751653
Antwerp,51.22883,4.447626
Hainaut,50.16937695,4.18073898
West Flanders,50.7838934,3.044548
East Flanders,50.80276,3.76382
Hainaut,50.4354272,4.5263904
Luxembourg,50.0011935,5.0175845
Liège,50.39318035,5.6709876900000005
Brussels Capital Region,50.8,4.3333333
Namur,50.39131,5.22515
Brussels Capital Region,50.8468352,4.2840089
Hainaut,50.4753585,4.1964537
East Flanders,51.13699,4.172616
Liège,50.4258951,5.5268007
Walloon Brabant,50.7109736,4.5306325
Namur,50.200982,4.5311688
Liège,50.4640434,5.7833389
Antwerp,51.15009,4.611729
Hainaut,50.4269199,4.4824475
Liège,50.6436541,5.5822047
Namur,50.254279,5.266402
Hainaut,50.4154014,4.4507002
Namur,50.2956773,5.1008307
Luxembourg,49.6909273,5.820261
Brussels Capital Region,50.8,4.3333333
West Flanders,50.815474,3.2718398
Limburg,51.0673216,5.0379514
West Flanders,50.9365236,3.1340391
West Flanders,50.7913092,3.0464203
Luxembourg,50.28492716,5.47599658
Hainaut,50.4637254,4.4292605
Namur,50.077246,4.5082063
Liège,50.5909298,5.8684315
Limburg,51.14099,5.59802
West Flanders,50.9210971,3.1922288
Namur,50.2899325,5.338665
Antwerp,51.19903,4.39271
Liège,50.6161435,5.8547916
Hainaut,50.3744413,4.3779578
Liège,50.7110576,5.6230691
Namur,50.1822054,4.7568129
West Flanders,50.9929825,2.6555096
Luxembourg,49.5590305,5.8340974
Luxembourg,50.1419014,5.6912202
Antwerp,51.08679,4.363149
Namur,50.0938973,4.7006724
West Flanders,50.8496284,2.8878392
East Flanders,51.17200335,4.13084412
East Flanders,51.00707,3.88517
Hainaut,50.4599722,4.337145
Flemish Brabant,50.8005975,4.2920359
Namur,50.3188876,4.88900303
Hainaut,50.4,4.5166667
Limburg,50.86709,5.62954
Liège,50.6764475,5.5440771
Liège,50.4115479,6.0561885
Namur,50.3872714,4.8218182
Brussels Capital Region,50.8,4.3333333
Antwerp,51.2336265,4.4598386
Brussels Capital Region,50.7826931,4.3272273
Limburg,50.9583054,5.4962732
Brussels Capital Region,50.8718594,4.3953985
Flemish Brabant,50.9721802,4.1840859
Antwerp,51.14644,4.82345
Antwerp,51.067541,4.65591
East Flanders,50.9864367,3.6649029
Limburg,50.9226971,5.3430199
Liège,50.5931613,5.8651525
East Flanders,51.21122785,4.0245552
West Flanders,51.0867137,2.973344
Limburg,51.2608466,5.3281385
Antwerp,51.0980628,4.5051426
Antwerp,51.2561775,4.4595006
Brussels Capital Region,50.8,4.3166667
Antwerp,51.0669609,4.6255797
Antwerp,51.0826792,4.3268354
Flemish Brabant,50.84458,4.5166
Brussels Capital Region,50.8381484,4.4329851
Antwerp,51.1789217,4.8280767
West Flanders,51.11619,2.68201
Namur,50.4833333,5.0833333
Liège,50.5188632,5.2390622
Hainaut,50.7281602,3.3048918
Flemish Brabant,50.8355802,4.7298799
Antwerp,51.21986,4.453207
Brussels Capital Region,50.8559815,4.3543757
Brussels Capital Region,50.8334219,4.3137518
West Flanders,51.2231256,2.9586681
Walloon Brabant,50.71469,4.3991
Liège,50.7006284,5.5690534
Liège,50.5344772,5.5844318
Namur,50.0361913,4.4262251
Antwerp,51.0609999,4.6537443
Namur,50.3756621,4.8674002
Antwerp,51.13282,4.551381
Luxembourg,50.3708828,5.3734178
Hainaut,50.4357061,3.7972735
Flemish Brabant,51.0022514,4.6473247
East Flanders,51.0709595,3.7798851
Hainaut,50.4,4.5166667
East Flanders,51.1885069,3.4976553
Hainaut,50.2345693,4.2366242
Flemish Brabant,50.8303452,4.4770139
Namur,50.0997337,4.9007392
West Flanders,50.7769692,3.4469445
Antwerp,51.211041,5.1716104
Namur,50.1362261,4.7461199
Liège,50.69757,5.25553
Limburg,50.7491712,5.8692084
Brussels Capital Region,50.83774,4.31493
Liège,50.5792615,5.6733081
Limburg,50.7766332,5.463245
Brussels Capital Region,50.8297623,4.339475
Walloon Brabant,50.71469,4.3991
Antwerp,51.2173934,5.2082538
Flemish Brabant,50.8691972,4.4502354
Liège,50.5854726,5.5015545
Antwerp,51.0270415,4.4718449
Namur,50.29533,5.09428
East Flanders,51.06983,4.0398909
Brussels Capital Region,50.905667,4.396911
Brussels Capital Region,50.8523122,4.3155964
Antwerp,51.03131,4.499667
Liège,50.7377783,5.7030205
Hainaut,50.4315417,4.487504
Hainaut,50.4878838,3.9611502
Limburg,51.0701545,5.7526373
Luxembourg,49.5600475,5.55867485
Luxembourg,50.230337,5.2925846
West Flanders,50.8532415,2.8858161
Hainaut,50.6405033,3.679122
Antwerp,51.222092,4.4203617
West Flanders,51.0711423,3.3557841
Liège,50.4829245,5.29544102
Namur,50.5646103,4.688003
East Flanders,51.067782,3.6983279
West Flanders,51.2347407,2.9187507
Namur,50.5742906,4.7016542
Brussels Capital Region,50.8569755,4.3193694
Brussels Capital Region,50.8311812,4.2875339
East Flanders,51.0050554,3.7154175
Liège,50.7362412,5.6959518
West Flanders,50.851312,3.0976973
Brussels Capital Region,50.8410907,4.3831776
Limburg,51.1913215,5.3966251
East Flanders,50.78827,4.024709
Antwerp,51.25597,4.435985
Brussels Capital Region,50.8472572,4.347254
Limburg,51.0336812,5.728205
East Flanders,51.1125068,3.7409488
Liège,50.3320031,6.35374245
Hainaut,50.0363975,4.3964415
Antwerp,51.2230236,4.3990636
Brussels Capital Region,50.83736,4.31815
Liège,50.6288785,5.5948647000000005
Liège,50.583441,5.87542
Luxembourg,49.6897912,5.8224086
Limburg,50.78318645,5.46402907
Hainaut,50.4,4.2666667
Antwerp,51.17709,4.766642
Hainaut,50.4771076,4.5363885
Hainaut,50.45413,4.1996
East Flanders,50.932043,4.0447721
Antwerp,51.17779,4.350574
Brussels Capital Region,50.86744,4.37727
West Flanders,51.1116401,2.6580182
Liège,50.6089539,5.5214818
Antwerp,51.21893,4.422822
Walloon Brabant,50.7051794,4.401995
East Flanders,50.78383,3.90809
West Flanders,50.9592189,3.1321576
Flemish Brabant,50.7943094,4.29959
East Flanders,50.917199,3.6924977
Namur,50.39052508,4.80834136
Brussels Capital Region,50.8326672,4.3618192
Limburg,51.0113967,5.7232656
Hainaut,50.505325,3.6942392
Brussels Capital Region,50.8478323,4.3393534
West Flanders,50.8153802,3.3757316
Liège,50.6486463,5.5937217
Namur,50.13591,4.53736
Namur,50.032781,4.9232465
Limburg,51.068513,5.1383584
East Flanders,50.7358308,3.5938743
Antwerp,51.1759,4.838949
West Flanders,51.0580477,2.9217712
Luxembourg,49.8550376,5.2505003
West Flanders,51.0343271,2.8583098
Brussels Capital Region,50.8448966,4.3336425
Liège,50.4709385,5.6766217
Hainaut,50.4018544,4.4777803
Liège,50.6309292,5.5655966
Hainaut,50.1666667,4.1666667
Liège,50.5443385,5.5257559
Antwerp,51.21196,4.433405
Walloon Brabant,50.7340345,4.72004876
Namur,50.48510845,5.09727343
Namur,50.5614886,4.6983042
Namur,50.2451448,4.6468567
Antwerp,51.2182837,4.5579079
Luxembourg,49.7546229,5.8060564
Hainaut,50.5155182,4.0037305
Luxembourg,49.7923956,5.0175742
Antwerp,51.0898895,4.6812103
Namur,50.21324,4.83436
Hainaut,50.5011711,3.935861
West Flanders,51.3146503,3.1291655
Flemish Brabant,50.8971593,4.7355045
Namur,50.42417645,4.79546868
Hainaut,50.6947227,4.0418874
Brussels Capital Region,50.87551,4.34811
Luxembourg,50.0062326,5.7180245
Flemish Brabant,50.7674863,4.4740458
Antwerp,51.22624,4.40157
Namur,50.16573,4.79594
Limburg,50.7215252,5.1311593
Brussels Capital Region,50.8312529,4.3421718
Limburg,50.95861,5.343393
Liège,50.63351465,5.54566884
Antwerp,51.17393,4.538613
Hainaut,50.4670745,4.3880899
Hainaut,50.38873,4.20524
Namur,50.5195364,4.676891
Namur,50.01107,4.96239
Flemish Brabant,50.8697136,4.2451735
Liège,50.64899,5.568135
Luxembourg,50.2150504,5.358534
Hainaut,50.5598463,3.66527855
Namur,50.53768175,4.928988
West Flanders,51.1054542,2.5982416
Walloon Brabant,50.5886574,4.3308649
Hainaut,50.4857,4.15908
Antwerp,51.13983,4.749951
Brussels Capital Region,50.866091,4.3349933
Liège,50.637608,5.5813234
Brussels Capital Region,50.8538622,4.3857326
West Flanders,51.235827,2.932583
Brussels Capital Region,50.8534147,4.38881262
Flemish Brabant,50.8335395,4.5239705
Limburg,51.24889,5.528829
East Flanders,50.8871854,3.4765221
Hainaut,50.6471474,3.9618961
West Flanders,50.782807,3.1641132
Luxembourg,49.906275,5.56484
Namur,50.0988595,5.010168
Limburg,50.9276179,5.3395684
Luxembourg,50.34629692,5.39307216
Limburg,50.78642,5.469498
Luxembourg,50.2240195,5.2938168
Luxembourg,49.565747,5.536344
Limburg,51.10417,5.159784
Liège,50.5833496,5.4858857
Namur,50.4833333,5.0833333
Luxembourg,49.5259975,5.4807287
Liège,50.47318,5.67584
East Flanders,50.96589,3.97743
East Flanders,51.1491886,4.1401367
West Flanders,50.97506,3.0152
East Flanders,51.0028673,3.8896461
Namur,50.4680278,4.8615299
Limburg,51.02203,5.744721
East Flanders,51.061257,3.7021094
Liège,50.5060809,5.3982304
Namur,50.3472685,4.73315733
Hainaut,50.4250062,4.3998897
East Flanders,51.2266954,4.0901618
Brussels Capital Region,50.8301436,4.3402184
Flemish Brabant,50.83101,4.4962
Hainaut,50.647385,3.924992
Antwerp,51.1717,4.832553
Namur,50.2167003,4.7556033
Hainaut,50.6056059,3.3880367
Liège,50.6251184,5.4454464
Flemish Brabant,50.9437923,4.3299631
Hainaut,50.4443909,3.8645777
Namur,50.3330173,4.6116354
Brussels Capital Region,50.8528228,4.427872
Luxembourg,49.8127852,5.1439102
West Flanders,50.8070233,3.4186715
Limburg,51.2197249,5.4146105
Hainaut,50.49152985,3.58716465
Brussels Capital Region,50.8321363,4.3130966
Limburg,51.0072459,5.3708867
Limburg,51.1055265,5.1522496
Liège,50.4190622,5.4674537
Liège,50.6574045,5.6189023
West Flanders,51.3396053,3.2432313
West Flanders,51.0263085,2.907199
Flemish Brabant,50.7727955,4.0503113
West Flanders,50.7851569,3.0474631
Antwerp,51.11786,4.821013
East Flanders,51.17601,3.939825
Hainaut,50.5736959,3.3039872
Liège,50.6477574,5.6682541
Walloon Brabant,50.71469,4.3991
Brussels Capital Region,50.8427501,4.3515499
Brussels Capital Region,50.82843,4.29271
West Flanders,50.7962249,3.1115092
Brussels Capital Region,50.850995,4.3061145
Hainaut,50.4166487,4.376359
Antwerp,51.32298,4.950007
Luxembourg,49.5668832,5.5327194
Liège,50.6070238,5.1822924
Brussels Capital Region,50.82707225,4.28408391
Hainaut,50.7459126,3.219272
West Flanders,51.1174418,2.6271407
Hainaut,50.6947227,4.0418874
Hainaut,50.1697186,4.1775563
Flemish Brabant,50.9516981,4.7138571
Namur,50.4437586,4.6735543
Namur,50.4674593,4.8718068
Hainaut,50.4047757,4.2090011
Namur,50.3767774,4.9809102
Antwerp,51.22389,4.468581
Limburg,51.0352296,5.7286676
East Flanders,51.16512,4.131101
Walloon Brabant,50.71469,4.3991
Namur,50.4958205,5.0087682
West Flanders,50.9348024,3.1501605
West Flanders,51.1127279,2.667695
East Flanders,50.9198432,3.8465314
Walloon Brabant,50.5886574,4.3308649
Luxembourg,49.6833333,5.8166667
Limburg,50.90823,5.316243
Liège,50.45552,6.115461
East Flanders,50.89196,3.88616
Namur,50.5742906,4.7016542
Limburg,51.0873,5.21898
Luxembourg,49.6809844,5.8140305
East Flanders,50.7423735,3.5943509
Walloon Brabant,50.7256401,4.5128577
East Flanders,51.0315098,3.7645417
Antwerp,51.22351,4.465847
Luxembourg,49.578047,5.4946433500000005
Brussels Capital Region,50.8850051,4.3186663
Namur,50.5004343,5.08134918
East Flanders,51.1101028,3.7067231
Brussels Capital Region,50.8289381,4.28052595
East Flanders,51.25433,4.183577
Antwerp,51.22045,5.087869
Antwerp,51.20982,5.172112
Brussels Capital Region,50.8850051,4.3186663
Liège,50.6666667,5.0666667
Namur,50.3647074,5.2395547
Liège,50.5407675,5.0891461
Hainaut,50.5777389,4.0573135
Flemish Brabant,50.9742707,4.9785767
East Flanders,50.88438,3.89361
East Flanders,50.91219,3.92017
East Flanders,50.8641382,3.6133706
Brussels Capital Region,50.8,4.3333333
Namur,49.9241329,5.0317777
Namur,50.1872873,4.8326378
East Flanders,50.94862,4.052379
West Flanders,51.2252879,2.9178295
Hainaut,50.7185079,3.5727968
East Flanders,51.1989828,3.4896226
East Flanders,50.78774,3.921469
Liège,50.7166667,5.35
West Flanders,51.1191527,2.6297098
Brussels Capital Region,50.8729419,4.3352867
Namur,50.0504364,4.501036
Antwerp,51.2044135,4.442688
West Flanders,50.7682739,3.3966568
Antwerp,51.17926,4.985207
Luxembourg,50.1588017,5.6827904
West Flanders,51.2052101,3.2146365
Namur,50.2340362,4.9169434
Brussels Capital Region,50.8381484,4.4329851
Luxembourg,49.7978725,5.0059245
Namur,50.2956773,5.1008307
Brussels Capital Region,50.8381484,4.4329851
West Flanders,50.9095,3.36977
Limburg,50.8046671,5.4367063
East Flanders,51.0484861,3.4651816
East Flanders,50.80276,3.76382
Hainaut,50.6947227,4.0418874
Liège,50.3507484,6.2941564
West Flanders,51.3185537,3.1421988
Liège,50.6053887,5.6390441
Limburg,51.0448428,5.2278702
Luxembourg,49.9164407,5.3858621
Hainaut,50.0243258,4.1691995
West Flanders,51.3314541,3.2043599
Walloon Brabant,50.668081,4.6118324
Namur,50.21472,4.77591
Namur,50.0947687,4.5218479
Luxembourg,50.1168378,5.54604545
Namur,50.48641,5.09938
West Flanders,51.3563036,3.3041159
Walloon Brabant,50.7277512,4.650223
Brussels Capital Region,50.848324,4.4295851
Brussels Capital Region,50.8381484,4.4329851
Antwerp,51.33096,4.945207
West Flanders,50.9515497,3.1200803
Hainaut,50.4048263,3.8383261
Limburg,51.0121996,5.5112655
Luxembourg,50.2813347,5.7132523
Namur,49.8148111,4.9038866
Limburg,50.8502611,5.3573074
Liège,50.6267274,5.5919259
Liège,50.651787,5.6012434
Hainaut,50.4000125,3.7827922
East Flanders,50.81689235,3.91433325
Limburg,51.0847855,5.21162065
Antwerp,51.29658,4.498079
West Flanders,51.3093023,3.138514
Brussels Capital Region,50.8,4.3166667
East Flanders,50.7706883,3.8816635
Hainaut,50.4166487,4.376359
East Flanders,50.8341144,3.7728314
Antwerp,51.1903126,5.0812398
Hainaut,50.722568,3.2326156
Brussels Capital Region,50.817175,4.425082
Antwerp,51.01792,4.570444
Brussels Capital Region,50.85655659,4.30649002
Namur,50.0084273,4.4781925
Namur,50.2340362,4.9169434
Limburg,50.93615,5.325529
Hainaut,50.4227566,3.8346408
Brussels Capital Region,50.8656397,4.3385597
Brussels Capital Region,50.8490166,4.3064174
Walloon Brabant,50.6969022,4.3538379
Brussels Capital Region,50.8483881,4.3833004
Limburg,51.0065534,5.582193
Antwerp,51.2216914,4.4168131
Hainaut,50.5427462,4.4476802
Liège,50.6567219,5.6139694
West Flanders,51.0285565,2.9974451
East Flanders,50.90244,4.0056515
West Flanders,51.2266639,2.9101401
Limburg,51.0545521,5.2812771
Brussels Capital Region,50.8277588,4.2819448
Brussels Capital Region,50.8395119,4.4091507
Limburg,50.96613,5.5021
Brussels Capital Region,50.86744,4.37727
Liège,50.6036617,5.5159919
Brussels Capital Region,50.8040467,4.3888109
West Flanders,50.7770013,3.0332633
Luxembourg,49.6092628,5.6622288
Flemish Brabant,50.7604677,4.2772147
Namur,50.2956773,5.1008307
Flemish Brabant,50.8866522,4.4663521
West Flanders,50.9458012,3.4022888
West Flanders,50.9998575,2.8690554
East Flanders,51.0575994,3.6599259
Liège,50.6384292,5.5734611
Brussels Capital Region,50.8242662,4.381355
Antwerp,51.173507,4.788193
Namur,49.8143846,4.9019318
Antwerp,51.1715251,4.8827594
East Flanders,51.12121749,3.72027837
Liège,50.6418702,5.5159786
Liège,50.7271155,5.3302433
West Flanders,51.2227505,2.9100607
Luxembourg,49.8583561,5.2520196
Hainaut,50.0844529,4.2660214
Namur,50.5742906,4.7016542
Brussels Capital Region,50.8079245,4.3175033
Hainaut,50.4123692,4.5137889
Namur,50.1003926,4.9059609
Flemish Brabant,50.76686,4.346102
Liège,50.6681964,5.4608278
Hainaut,50.5384081,4.4532254
Luxembourg,49.7892158,5.0905007
Namur,50.1958462,4.5430358
Antwerp,51.02511,4.411648
Brussels Capital Region,50.8311683,4.3812436
Namur,50.5163843,4.7888127
Namur,50.52507,4.60994
West Flanders,51.2638549,3.0357111
Antwerp,51.2104665,4.3282344
West Flanders,51.0256317,3.139419
Luxembourg,49.5638253,5.5131491
Namur,50.5022173,4.8760877
East Flanders,51.0531792,3.7243836
Limburg,51.1325952,5.2552435
Luxembourg,50.0758724,5.862798
West Flanders,50.9363889,2.9121896
West Flanders,51.2111531,2.8793019
Hainaut,50.5310497,3.9451238
West Flanders,51.1883928,2.8173228
Flemish Brabant,50.9154567,4.4436597
Brussels Capital Region,50.8183213,4.2629049
Antwerp,51.29227,4.49419
Brussels Capital Region,50.832177,4.388949
Hainaut,50.4627415,4.4148971
Liège,50.6224314,5.685849
Hainaut,50.4920631,3.7299246
Namur,50.60924,4.89308
Brussels Capital Region,50.8376649,4.4003717
Luxembourg,50.34720205,5.46291405
Brussels Capital Region,50.8481052,4.2975128
Namur,50.0085381,4.4778447
Antwerp,51.0270114,4.4797856
East Flanders,51.1542622,4.1585988
East Flanders,50.80754,3.800637
Hainaut,50.2855556,4.3113889
Liège,50.7152908,6.033099
Antwerp,51.32363,5.079872
Flemish Brabant,50.8677848,4.1457979
Luxembourg,49.6708083,5.60422839
Brussels Capital Region,50.8176181,4.2938634
Brussels Capital Region,50.874902,4.3384109
Liège,50.6394394,5.5854796
Antwerp,51.06106,4.361438
Luxembourg,49.9230008,5.3789188
East Flanders,51.13407,4.130924
Hainaut,50.4025947,3.7522644
West Flanders,50.8884826,3.4361943
Liège,50.5947412,5.5695429
Antwerp,51.1488217,4.4785055
Limburg,50.8190363,5.1855313
Namur,50.3453749,5.0922322
Liège,50.6115802,5.6678501
West Flanders,51.3400193,3.2372969
Brussels Capital Region,50.85669707,4.30692319
Liège,50.1966,6.14159
Luxembourg,49.8547217,5.2616966
Brussels Capital Region,50.8513861,4.3093498
Antwerp,51.1850093,4.3908314
Liège,50.6549343,5.5683454
Hainaut,50.6379973,3.3788194
Antwerp,51.1573949,4.3920391
Brussels Capital Region,50.8753983,4.3760075
Luxembourg,50.005099,5.7207445
Antwerp,51.397,5.032773
Luxembourg,49.6966875,5.79193363
Liège,50.673065,5.0763989
Limburg,50.8018866,5.3413386
Antwerp,51.0745182,4.2960198
West Flanders,50.7166667,3.35
Hainaut,50.4514907,3.9453189
West Flanders,50.7884466,3.1367423
Limburg,51.18864,5.5626940000000005
Brussels Capital Region,50.7948609,4.3210986
West Flanders,51.1155206,2.6385859
Limburg,50.847069,5.5198419
Namur,50.5209194,4.7217372
Hainaut,50.4234614,4.38144172
Antwerp,51.30746,4.950501
East Flanders,51.2919906,4.1737657
West Flanders,51.1851972,3.1015759
West Flanders,50.9034885,3.4098713
Liège,50.62242367,5.59858724
West Flanders,51.110963,2.6436223
Hainaut,50.5253121,3.52714288
East Flanders,51.12113668,3.72021399
East Flanders,51.0146,3.877997
Namur,50.528452,4.603259
Liège,50.5347503,5.579045
Namur,50.4563673,4.871877
Liège,50.6736199,5.6643177
Brussels Capital Region,50.82556,4.34184
Liège,50.63584205,5.56109429
Antwerp,51.0886514,4.3691504
Brussels Capital Region,50.8145845,4.356264
West Flanders,51.119102,2.6352917
Antwerp,51.0394304,4.5326859
Namur,50.43896,4.79566
Brussels Capital Region,50.8485864,4.4469952
Antwerp,51.2161585,4.3998723
Walloon Brabant,50.61395,4.509786
Luxembourg,49.9815451,5.2572
Hainaut,50.4018544,4.4777803
Flemish Brabant,50.7316024,4.2392085
Luxembourg,50.2040997,5.25238152
Liège,50.6055907,5.5199118
Hainaut,50.4675699,3.930305
East Flanders,51.1217224,3.8289214
Flemish Brabant,50.927262,4.424078
West Flanders,50.9329147,3.1497305
Liège,50.7087499,6.02225661
Brussels Capital Region,50.8642932,4.3381519
Antwerp,51.17996,4.827621
Hainaut,50.4817189,4.5534584
East Flanders,50.7461535,3.5938077
Brussels Capital Region,50.8748532,4.302548
Hainaut,50.4153944,4.4682001
Hainaut,50.5029755,4.1078728
East Flanders,51.0927415,3.7657826
Namur,50.4260307,4.9509671
East Flanders,50.876648,3.9576364
West Flanders,51.1197258,2.6368016
East Flanders,51.04998,3.739825
Brussels Capital Region,50.8866994,4.3359748
Antwerp,51.31544,4.823834
West Flanders,51.3139338,3.1276267
Brussels Capital Region,50.8719083,4.3242619
Luxembourg,50.0005973,5.7152666
Hainaut,50.499402,4.237712
Walloon Brabant,50.5886574,4.3308649
Brussels Capital Region,50.8694168,4.3027568
Namur,50.34539,4.610171
Limburg,50.9089381,5.4216355
Hainaut,50.4014619,4.4414299
Namur,50.1641996,5.257815
Luxembourg,50.2261264,5.3439452
Luxembourg,49.81596,5.1869054
West Flanders,50.7825222,3.1667631
Liège,50.4266532,5.5333544
Liège,50.6257021,5.5960805
Liège,50.3542991,6.171251
East Flanders,51.0974848,3.8378336
Namur,50.38312495,4.80648842
Liège,50.4761941,5.8480689
Liège,50.6358183,5.5674281
Namur,50.49511,4.85762
Namur,50.4451189,4.8539425
Luxembourg,50.0249147,5.6848527
Antwerp,51.21194,5.147318
Brussels Capital Region,50.8340535,4.3454694
Luxembourg,49.99333048,5.7074519
Hainaut,50.5668521,4.0633853
Hainaut,50.3334575,4.351614
East Flanders,51.191968,3.5711043
Limburg,51.236046,5.3141532
Namur,50.2143831,4.8211556
Antwerp,51.2091,4.62682
Antwerp,51.32402,4.953304
West Flanders,51.2073484,3.2245777
East Flanders,51.1350667,4.2143682
Limburg,50.7564595,5.7111257
Namur,50.289785,4.3987886
Hainaut,50.4992803,3.6598433
East Flanders,50.9425713,3.9570497
Brussels Capital Region,50.8648307,4.3491892
West Flanders,51.1053908,2.6500795
Hainaut,50.4750024,4.2134218
West Flanders,51.0326512,2.8720877
West Flanders,51.0247174,3.1485804
Hainaut,50.7564014,3.4798261
Luxembourg,50.1820591,5.5755896
East Flanders,50.909763,3.4240559
Antwerp,51.32973,4.775261
West Flanders,51.3210925,3.2998874
Antwerp,51.2133,4.407669
West Flanders,50.7184934,3.35537
Brussels Capital Region,50.8286599,4.3742966
Liège,50.4261047,5.5654331
Antwerp,51.0247165,4.4735868
Liège,50.6870243,5.6967846
Namur,50.4674593,4.8718068
Walloon Brabant,50.665625,4.132162
Liège,50.6010385,5.5385834
Hainaut,50.7556369,3.2028933
Namur,50.552108,4.9855088
Luxembourg,50.1866576,5.3102984
Namur,50.2956773,5.1008307
Luxembourg,49.6216258,5.8214036
Luxembourg,50.2282896,5.3441606
West Flanders,51.200711,3.2248243
Namur,50.4260307,4.9509671
East Flanders,50.9984764,3.8699424
Brussels Capital Region,50.792153,4.3190845
Liège,50.6555865,5.610643
Hainaut,50.34048,3.902
Liège,50.5617648,5.97745986
Hainaut,50.4517705,4.3481826
Hainaut,50.4792056,3.7659709
Namur,50.1670157,4.39241679
Brussels Capital Region,50.8714684,4.3245133
Limburg,50.9508684,5.4972295
Luxembourg,49.95844189,5.58384864
Walloon Brabant,50.75356,4.665824
Luxembourg,49.5685311,5.5371052
Hainaut,50.3208422,4.4553414
Antwerp,51.20303,4.426357
Brussels Capital Region,50.8577955,4.3196798
Brussels Capital Region,50.83268,4.43339
Antwerp,51.0591289,4.5757111
Walloon Brabant,50.69054,4.2026
Antwerp,51.16816,4.473956
Liège,50.6599623,5.6603569
Limburg,50.95107,5.106144
West Flanders,51.1538578,2.765972
Flemish Brabant,50.9025319,4.277181
East Flanders,51.0229265,3.6984394
Limburg,51.03835,5.716613
Hainaut,50.44407295,4.35620909
West Flanders,51.3524137,3.2901764
Walloon Brabant,50.6729162,4.157332
Luxembourg,49.9206598,5.383848
Namur,50.177102,4.41119753
Liège,50.6481158,5.5445174
Namur,50.2621841,4.9099527
Antwerp,51.25203,4.815908
Antwerp,51.17997,5.142298
Liège,50.621101,5.5761847
West Flanders,51.316603,3.1333998
Brussels Capital Region,50.8238021,4.3771309
West Flanders,51.209379,3.2246451
Limburg,51.0978057,5.7834724
Flemish Brabant,50.7842766,4.582087
Namur,50.4439074,4.6732223
Liège,50.6410134,5.5885453
Namur,50.4143728,4.8877835
Brussels Capital Region,50.866004,4.3153846
Liège,50.6353785,5.5641357
Liège,50.6401738,5.5882503
Hainaut,50.6056059,3.3880367
Luxembourg,50.081008,5.110897
West Flanders,51.3125765,3.1150636
Namur,50.21771925,4.98512581
Hainaut,50.4204349,4.263048
West Flanders,51.0138575,3.4021768
Namur,50.1535275,4.91863882
Antwerp,51.0886,4.880179
Luxembourg,50.2903106,5.5675433
West Flanders,50.7988092,3.1086391
East Flanders,50.8596,3.633727
Hainaut,50.3774771,4.34453523
West Flanders,51.2207474,3.2161684
Liège,50.6192588,5.5224997
Liège,50.6159302,5.4993813
Luxembourg,50.2344089,5.3945533
Antwerp,51.1384,4.570671
Hainaut,50.0416661,4.3254051
Hainaut,50.6056059,3.3880367
Antwerp,51.1458294,4.3378218
Luxembourg,49.9705439,5.2573444
Walloon Brabant,50.6859705,4.3264043
Antwerp,51.17492345,4.98301379
Namur,50.59525,4.67689
Liège,50.5972913,5.8740363
Antwerp,51.0438134,4.515997
Limburg,50.7773586,5.4628086
Hainaut,50.53904,4.44285
Hainaut,50.74474117,3.20584646
Antwerp,51.18155,5.107947
Luxembourg,50.2013243,5.5398348
Brussels Capital Region,50.84551,4.35304
Liège,50.6332572,5.5878868
Liège,50.3950495,5.9309564
Limburg,50.990268,5.7178312
East Flanders,50.8469306,3.6014367
Luxembourg,49.6171922,5.6598005
Liège,50.5871321,5.5068789
Brussels Capital Region,50.7827216,4.3774097
Antwerp,51.20897,4.406395
Walloon Brabant,50.5857678,4.3124821
Brussels Capital Region,50.8583912,4.3884511
Flemish Brabant,50.8308732,4.4986735
Limburg,50.9442091,5.3645615
Hainaut,50.7107415,3.5360442
Liège,50.7524864,5.5705323
Limburg,51.0197869,5.7428896
Hainaut,50.3896431,4.4083405
Luxembourg,50.3302079,5.49518085
Liège,50.5991759,5.63326
Brussels Capital Region,50.8362129,4.3627394
Luxembourg,49.9230008,5.3789188
Namur,50.48526,4.75434
Limburg,50.9001857,5.3491041
Namur,50.4680278,4.8615299
Namur,50.0717393,4.6110646
West Flanders,50.8314715,3.2803962
West Flanders,51.234215,2.9144352
Luxembourg,50.2271,5.3468901
Brussels Capital Region,50.8772385,4.3846567
Antwerp,51.3496533,4.6377227
Hainaut,50.4543063,3.9362087
West Flanders,51.2086115,3.193472
East Flanders,51.175684,4.1343969
Antwerp,51.10914,4.7944915
East Flanders,50.8737398,4.0495258
Liège,50.6554799,5.6129177
Limburg,50.9719656,5.4876083
West Flanders,51.1706613,2.7770982
Namur,50.3071855,5.3684876
Brussels Capital Region,50.808117,4.3915511
Luxembourg,49.6856005,5.8195793
Liège,50.5735725,5.7364996
Brussels Capital Region,50.874464,4.399615
East Flanders,51.0867002,3.7133806
Brussels Capital Region,50.86744,4.37727
Luxembourg,50.21988,5.995047
Brussels Capital Region,50.848545,4.351646
West Flanders,51.1699988,2.7785614
Luxembourg,49.96284,5.638263
Luxembourg,49.6963725,5.7571842
Brussels Capital Region,50.82538,4.29432
Liège,50.6140911,5.6155049
Luxembourg,50.26474,5.55809
Liège,50.6174886,5.4962978
East Flanders,51.1317008,3.6453689
Hainaut,49.9453667,4.4309752
Brussels Capital Region,50.84034025,4.33981601
Hainaut,50.3385552,4.5213587
Flemish Brabant,50.8312654,4.474742
Liège,50.2797224,6.130456
Luxembourg,50.221239,5.3452772
West Flanders,51.279791,3.359475
Antwerp,51.0122728,4.4431705
Limburg,51.06595,5.085915
Namur,50.4674593,4.8718068
Liège,50.58975973,5.86937449
East Flanders,50.7521979,3.621146
Limburg,51.0251483,5.3778901
Antwerp,51.077944,4.425129
Liège,50.5866629,5.5075461
Hainaut,50.4189205,4.5241221
Namur,50.54728,4.9052772
Brussels Capital Region,50.8621347,4.3332023
Antwerp,51.1622664,4.3596015
West Flanders,51.095829,2.6209153
Antwerp,51.0033058,4.4060266
Antwerp,51.2584365,4.7978905
Brussels Capital Region,50.8704346,4.3955027
Luxembourg,49.6291326,5.7095483
Hainaut,50.4048263,3.8383261
Brussels Capital Region,50.8,4.3333333
Namur,50.36323,5.33634
West Flanders,51.3094399,3.1382517
Hainaut,50.3886584,4.405458
Antwerp,51.3497,4.541536
Luxembourg,50.3993347,5.51302375
Liège,50.6137841,5.9440687
Antwerp,51.0223913,4.4848344
Liège,50.4562266,6.0718322
Luxembourg,50.0231877,5.3777626
Walloon Brabant,50.6802986,4.2689347
Namur,50.4638925,4.8652626
Flemish Brabant,50.83535,4.556488
Namur,50.2808581,4.9710519
Namur,50.5519941,4.7978048
Limburg,50.844494,5.341443
Brussels Capital Region,50.8507707,4.3097636
Walloon Brabant,50.7211,4.49388
Liège,50.5894218,5.8955131
Brussels Capital Region,50.7898801,4.3751176
Liège,50.65232521,5.32046964
Hainaut,50.4872125,4.1514385
Liège,50.5186775,5.2396514
East Flanders,51.0366046,3.7390992
Antwerp,51.29744,4.56729
Liège,50.7008243,5.6742431
West Flanders,51.1228461,2.6407012
Flemish Brabant,51.0223717,4.2936279
Brussels Capital Region,50.8771332,4.3068635
Limburg,50.8175792,5.1835193
Hainaut,49.9613,4.36797
Limburg,51.061298,5.187448
East Flanders,50.8934639,4.0736805
Antwerp,51.29860042,4.74776202
Luxembourg,50.0005287,5.0733023
Luxembourg,49.90116375,5.09900212
Flemish Brabant,50.9709441,4.1493848
Namur,50.4674593,4.8718068
West Flanders,50.780788,3.0371258
Hainaut,50.505325,3.6942392
Luxembourg,50.13056,5.27578
Limburg,51.1913215,5.3966251
Brussels Capital Region,50.84279,4.3749525
Liège,50.5406901,5.1873225
Liège,50.5481673,5.2365058
Hainaut,50.475919,4.2299939
West Flanders,51.0137212,2.9541059
West Flanders,51.2674959,3.0319968
Namur,50.1726038,5.2090651
Namur,50.339399,4.6091198
Liège,50.7491972,5.5443418
West Flanders,50.9246497,3.2218725
Antwerp,51.2051993,4.3899434
Limburg,50.8426403,5.356624
West Flanders,51.1066135,2.6177081
Brussels Capital Region,50.8427501,4.3515499
Limburg,51.07935,5.079563
Hainaut,50.4755081,4.2390437
Antwerp,51.12114,4.49251
Antwerp,51.22535,4.887021
Brussels Capital Region,50.87398,4.4042200000000005
West Flanders,50.8880856,3.4368826
Luxembourg,50.33921205,5.50690914
East Flanders,50.7416922,3.5940758
East Flanders,50.8331061,3.9978359
Antwerp,51.33266,4.520966
Hainaut,50.6803312,3.3098471
Namur,50.1157434,4.9407631
Hainaut,50.5149368,3.6013594
Flemish Brabant,50.78143,4.313298
Luxembourg,49.6291955,5.7092181
Luxembourg,49.65609477,5.86476447
Hainaut,50.6056059,3.3880367
Luxembourg,49.6836024,5.5105501
East Flanders,50.803228,3.9661225
Namur,50.3007212,4.7213917
Brussels Capital Region,50.86744,4.37727
Antwerp,51.3211021,4.9417634
Flemish Brabant,50.9577112,4.3424462
Brussels Capital Region,50.85668219,4.30716815
Hainaut,50.3643397,4.36984685
West Flanders,51.3409175,3.2377424
Limburg,50.95835,5.452379
Limburg,50.9775749,5.27553205
Liège,50.6670188,5.6278021
Namur,50.5182645,4.8801752
Brussels Capital Region,50.8427501,4.3515499
Limburg,50.95570835,5.31964745
East Flanders,51.29329,4.171822
Antwerp,51.05763,4.327751
Namur,50.2724247,5.2327893
West Flanders,51.3474485,3.2890628
Hainaut,50.3922481,4.4436699
West Flanders,51.1301994,2.6649181
Namur,50.1109901,4.5599875
Hainaut,50.4055222,4.3957235
Limburg,51.09888,5.139994
Liège,50.5942372,5.8801056
Liège,50.704175,5.7132615
Hainaut,50.6803312,3.3098471
Luxembourg,50.0009281,5.7268137
Hainaut,50.7459126,3.219272
Walloon Brabant,50.73015,4.54441
Flemish Brabant,50.81125,4.501254
West Flanders,51.3272851,3.1957403
Liège,50.6410323,5.5723624
Antwerp,51.0532463,4.62821
Antwerp,51.20226,4.441165
Luxembourg,49.6074944,5.8189537
Antwerp,51.0835255,4.2195725
Antwerp,51.2282564,4.3831054
Liège,50.6423532,5.6279411
Brussels Capital Region,50.8119861,4.334126
Antwerp,51.1057306,4.3282276
Luxembourg,50.0989674,5.7403204
Liège,50.5523529,5.3257904
Namur,50.4452761,4.8733827
Namur,49.9582618,4.9537725
Hainaut,50.4016296,4.4457159
Antwerp,51.45582,4.75282
Namur,50.1495365,5.2235955
Limburg,51.0529971,5.0783162
Liège,50.623352,5.959168
Liège,50.67451,6.1127
West Flanders,51.3397874,3.2377014
Luxembourg,49.7648752,5.5181445
Hainaut,50.7459126,3.219272
Namur,50.3008185,5.1191898
Limburg,51.0501519,5.1685888
Limburg,51.0524394,5.7401187
East Flanders,51.2024962,3.7965031
Walloon Brabant,50.7120317,4.5098333
Limburg,50.88787,5.526891
Limburg,50.96555,5.498995
Limburg,51.0669203,5.2164137
West Flanders,51.0997091,2.5917951
Limburg,51.0218018,5.0271918
Antwerp,51.1867,4.377213
Antwerp,51.00383,4.595408
Hainaut,50.4055222,4.3957235
Antwerp,51.2282564,4.3831054
Hainaut,50.4427249,4.4370311
Brussels Capital Region,50.8403677,4.3417162
Brussels Capital Region,50.8467236,4.43447
Namur,50.2127777,4.808074
Brussels Capital Region,50.8611276,4.4172636
Hainaut,50.49281,4.21586
Limburg,51.0318468,5.3692011
Antwerp,51.014356,4.4427697
Hainaut,50.425877,3.7969506
Hainaut,50.699374,3.3314663
Brussels Capital Region,50.8777894,4.3066758
Brussels Capital Region,50.8274539,4.3762325
Namur,50.4260307,4.9509671
East Flanders,50.8726819,4.0565674
Liège,50.66427,5.61603
East Flanders,50.8497733,3.9671174
East Flanders,51.203593,3.8100183
West Flanders,51.049671,3.046469
Liège,50.7330485,5.7592327
Antwerp,51.25352,4.447636
Antwerp,51.1942577,4.5905266000000005
Limburg,50.969278,5.6619185
Antwerp,51.38723,4.469103
Hainaut,50.3543123,3.9274387
Liège,50.5049915,5.33964351
West Flanders,51.1085021,2.6138649
West Flanders,50.9140243,3.1892142
East Flanders,51.0628324,3.7553726
Brussels Capital Region,50.8747904,4.30136
Brussels Capital Region,50.8085863,4.3850643
Limburg,51.0057446,5.5118401
Antwerp,51.06898,4.243107
Walloon Brabant,50.71469,4.3991
Liège,50.633095,5.6258003
Liège,50.63626,5.571801
Hainaut,50.5011711,3.935861
East Flanders,51.209082,3.4486611
Antwerp,51.1692603,4.9896809
Hainaut,50.3306631,4.0747949
Hainaut,50.7527699,2.9488295
Namur,50.295923,4.4782793
Hainaut,50.481772,4.5484311
West Flanders,51.3151647,3.1237396
Luxembourg,49.693272,5.8083581
Limburg,50.921941,5.328919
Luxembourg,49.854915,5.2591255
Liège,50.7591743,5.6075724000000005
Antwerp,51.18094,4.814278
Hainaut,50.4427249,4.4370311
Namur,50.0988595,5.010168
Limburg,50.969278,5.6619185
Hainaut,50.4000125,3.7827922
East Flanders,50.7740657,3.8816433
Liège,50.6599239,5.1801643
Namur,50.2956773,5.1008307
Antwerp,51.17971,4.383571
Namur,50.4143728,4.8877835
Hainaut,50.61249362,3.40519369
Brussels Capital Region,50.8904355,4.3829068
Hainaut,50.5650004,3.5008027
West Flanders,51.1190987,2.6293272
Luxembourg,50.284349,5.9193148
West Flanders,51.2251125,2.9099878
West Flanders,51.2178111,2.8889817
Luxembourg,49.693272,5.8083581
East Flanders,51.0003515,3.5005689
Brussels Capital Region,50.8365808,4.308187
Brussels Capital Region,50.891948,4.3823182
Hainaut,50.6100671,3.3890284
East Flanders,50.8344809,3.7739299
East Flanders,50.8936524,3.9142745
Namur,50.4563673,4.871877
West Flanders,51.2133421,3.2242064
East Flanders,51.0549189,3.7024757
West Flanders,51.2688354,3.0267876
Antwerp,51.1081436,4.6875667
East Flanders,51.0581231,3.7330016
Namur,50.4288447,5.03279
Limburg,51.0121996,5.5112655
Brussels Capital Region,50.842365,4.423892
Hainaut,50.4002678,4.4524453
Liège,50.6678174,5.5893545
Liège,50.4125415,6.0554784
Hainaut,50.40728,4.47117
Liège,50.6230915,5.1575734
Antwerp,51.0915149,4.3731727
Hainaut,50.7459126,3.219272
Liège,50.1564313,5.22414057
Namur,50.0361913,4.4262251
Luxembourg,50.2702265,5.4526422
Namur,50.32579,4.87505
Antwerp,51.22138,4.425168
Luxembourg,49.5699583,5.8021347
Luxembourg,50.11441,5.5528200000000005
East Flanders,51.1101028,3.7067231
West Flanders,51.1262638,2.6701355
Brussels Capital Region,50.83186,4.283303
Hainaut,50.5575191,3.897468
West Flanders,50.815474,3.2718398
Walloon Brabant,50.6422504,4.5680813
East Flanders,50.85448,3.6353058
Hainaut,50.6057387,3.3875737
Namur,50.4399935,4.7924058
Antwerp,51.1364313,5.15395341
East Flanders,51.12798,4.218182
Limburg,50.85723,5.188929
Brussels Capital Region,50.8483881,4.3833004
Luxembourg,50.21007,5.32761
Luxembourg,50.3798551,5.5412322
Hainaut,50.4751623,4.3300612
East Flanders,50.917199,3.6924977
Limburg,51.12575,5.25138
Antwerp,51.2102247,4.4187405
Brussels Capital Region,50.8453842,4.3988044
Namur,50.4145401,5.1673861
West Flanders,51.34635,3.28586
Antwerp,51.03976,4.586964
Hainaut,50.4,4.5166667
Walloon Brabant,50.6425416,4.3630243
Liège,50.6620408,5.5122246
Flemish Brabant,50.9977306,4.8340541
Hainaut,50.4251859,3.989321
Namur,50.25978,4.90969
Limburg,51.0162821,5.2720035
Liège,50.6566159,5.6131789
East Flanders,50.7987041,3.8987539
Namur,50.2544688,4.6075668
Limburg,50.8087391,5.3425399
West Flanders,50.782807,3.1641132
Walloon Brabant,50.68736,4.48135
Limburg,51.018588,5.7020015
Antwerp,51.06322,4.360669
Namur,50.2956773,5.1008307
West Flanders,51.3012992,3.0821187
West Flanders,51.2113437,2.8792227
Liège,50.6331162,5.5510204
Antwerp,51.0249212,4.8776533
Brussels Capital Region,50.855458,4.3760554
Brussels Capital Region,50.77437,4.365177
Brussels Capital Region,50.8568438,4.3316349
Antwerp,51.21986,4.453207
Namur,50.446734,4.630735
Hainaut,50.7459126,3.219272
Antwerp,51.31677,4.942819
Liège,50.6208967,5.5772965
Brussels Capital Region,50.8064341,4.3430567
Namur,50.5024503,4.8049599
West Flanders,51.3442443,3.2584628
Luxembourg,49.8494314,5.4478216
Liège,50.5864264,5.5088128
Flemish Brabant,50.8859566,4.2485051
Antwerp,51.2669664,5.0842508
Liège,50.4196917,6.0461199
Liège,50.7152438,5.7494338
Limburg,51.05816,5.1966
Brussels Capital Region,50.8715121,4.3002376
Limburg,50.95615,5.347726
Brussels Capital Region,50.850765,4.3038783
Brussels Capital Region,50.8365808,4.308187
Walloon Brabant,50.6969022,4.3538379
Luxembourg,49.79201,5.06807
Limburg,51.0485019,5.3177136
East Flanders,50.7525954,3.5944881
West Flanders,51.0977833,3.1973048
Antwerp,51.31524,4.949242
Brussels Capital Region,50.86525155,4.39019032
Antwerp,51.3371726,4.5329671000000005
Brussels Capital Region,50.8406457,4.3308412
Antwerp,51.12902,4.33561
Antwerp,51.13729,4.831632
East Flanders,50.8179236,3.5889439
Hainaut,50.6123739,3.3879862
Antwerp,51.2128279,5.1335099
Luxembourg,49.7892158,5.0905007
Liège,50.469749,6.1061052
Luxembourg,50.34929245,5.57018062
Walloon Brabant,50.6802986,4.2689347
Hainaut,50.7459126,3.219272
Hainaut,50.4803787,4.2263205
West Flanders,51.3400934,3.2621508
Liège,50.6367185,5.5917972
Namur,50.56968,4.688361
West Flanders,50.9298812,3.1655175
Luxembourg,49.8387807,5.0168268
West Flanders,51.2344007,2.9209123
Namur,50.2183,4.82455
East Flanders,51.0598431,3.7030744
Limburg,51.137895,5.380475
Brussels Capital Region,50.8342391,4.4455516
West Flanders,50.9500928,3.1428714
Antwerp,51.0633847,4.7210601
Antwerp,51.22109,4.436394
East Flanders,51.1597335,4.1517008
Walloon Brabant,50.665625,4.132162
Luxembourg,50.0005973,5.7152666
Liège,50.6502455,5.5873736
West Flanders,51.12541,2.6664
Brussels Capital Region,50.89281,4.32838
Brussels Capital Region,50.8492261,4.3080459
Brussels Capital Region,50.8,4.3333333
Flemish Brabant,50.78868,4.29763
Limburg,50.98898,5.417309
Luxembourg,49.9123885,5.6042483
Namur,50.251776,4.60122
Liège,50.6432735,5.5800889
Namur,50.4597592,4.8697733
Antwerp,51.3370456,4.7519382
West Flanders,51.0853157,2.9441067
Liège,50.6432068,5.6857651
Namur,50.35256,4.88904
Brussels Capital Region,50.8883921,4.3169203
Brussels Capital Region,50.8272745,4.331937
Hainaut,50.5195907,3.6623269
East Flanders,51.0103403,3.6374217
Namur,50.28068465,4.66490507
Brussels Capital Region,50.8,4.3166667
Liège,50.6384696,5.6013188
Walloon Brabant,50.7317532,4.558775
Brussels Capital Region,50.8747,4.40248
West Flanders,51.2800759,3.0524961
Antwerp,51.13424,4.45019
Walloon Brabant,50.64567,4.36712
Limburg,50.985374,5.3653331
Brussels Capital Region,50.8629035,4.3161374
Namur,50.32501,4.71972
East Flanders,51.1649889,4.3075024
Hainaut,50.7550763,3.4488635
East Flanders,51.0998356,3.833964
Brussels Capital Region,50.8167888,4.351278
West Flanders,50.789185,3.1307803
Hainaut,50.4771076,4.5363885
East Flanders,51.0530858,3.7484077
Hainaut,50.5383,4.42054
Luxembourg,49.8322357,5.3907823
Flemish Brabant,50.91036,4.346983
East Flanders,50.8496528,3.7527652
Luxembourg,50.08610155,5.53264796
West Flanders,51.2266536,2.9103677
Brussels Capital Region,50.839196,4.3607264
Liège,50.5836769,5.5109424
Antwerp,51.0559265,4.479114
Namur,50.44947653,4.64369668
Liège,50.5151897,5.2370544
Antwerp,51.2975,4.567608
West Flanders,51.3139338,3.1276267
Antwerp,51.1789016,5.2292227
Namur,50.17179,4.414294
Antwerp,51.1610959,4.9934994
Liège,50.642911,5.5900117
East Flanders,50.93672,3.774508
Brussels Capital Region,50.8481382,4.4052407
Namur,49.8141224,4.9018259
Antwerp,51.23025,4.417023
Liège,50.7143279,5.3975416
Hainaut,50.6042926,3.3889869
Brussels Capital Region,50.8443338,4.344247
Antwerp,51.31824,5.073092
Namur,50.1271366,4.9443786
Walloon Brabant,50.6422504,4.5680813
Namur,50.4833333,5.0833333
Brussels Capital Region,50.8,4.3333333
Brussels Capital Region,50.8501069,4.3792606
Limburg,50.9264,5.5518456
Antwerp,51.0043311,4.4697073
Limburg,50.7218019,5.1372266
Limburg,50.8157488,5.1929851
Limburg,50.8510257,5.4911897
Liège,50.6195255,5.6060428
Namur,50.4674593,4.8718068
Luxembourg,50.02587444,5.36306644
East Flanders,51.0540246,3.7463164
Namur,50.297861,5.31740789
Antwerp,51.1337,4.561408
Luxembourg,50.3475,5.478466
East Flanders,50.93754,4.04108
Namur,50.4661642,4.8807047
West Flanders,50.85128,2.8841900000000003
Brussels Capital Region,50.8516018,4.3821164
Brussels Capital Region,50.8379518,4.3476739
Antwerp,51.1470312,4.4659265
East Flanders,51.0537403,3.6882081
Hainaut,50.5606,4.1724
Brussels Capital Region,50.843406,4.4576105
Brussels Capital Region,50.8266546,4.4593191
Limburg,50.8928049,5.2140732
Liège,50.655571,5.5761878
Hainaut,49.9919811,4.3198055
Antwerp,51.0523228,4.6292149
Walloon Brabant,50.6401663,4.77603
Brussels Capital Region,50.86822,4.32481
East Flanders,51.0454823,3.7334258
Antwerp,51.32402,4.953304
Namur,50.4674593,4.8718068
Liège,50.605907,5.5393019
Antwerp,51.1768541,4.8355946
Flemish Brabant,50.76716598,4.47315037
Antwerp,51.2037885,4.435215
Limburg,51.013905,5.7260213
West Flanders,50.9517948,3.1312263
Hainaut,50.43953025,4.35922464
Hainaut,50.4121617,4.38498291
Liège,50.2797224,6.130456
Limburg,50.969278,5.6619185
West Flanders,50.8447504,3.0100082
West Flanders,50.8553603,3.3531367
Brussels Capital Region,50.8,4.3333333
East Flanders,50.7414583,3.917841
Luxembourg,50.3507852,5.4977445
Brussels Capital Region,50.8794377,4.4010723
Namur,50.20128,4.84069
Liège,50.625488,6.031033
Brussels Capital Region,50.8484539,4.4119001
Luxembourg,50.0005973,5.7152666
East Flanders,50.82775,4.0241554
West Flanders,51.13384,2.683623
West Flanders,51.2074839,3.3095497
Hainaut,50.4123506,4.5419184
Limburg,51.0506101,5.2763794
Flemish Brabant,50.8307442,4.5161155
Liège,50.7156522,6.0329287
West Flanders,51.348765,3.2875515
Hainaut,50.62231044,3.41430223
Brussels Capital Region,50.8730975,4.4047606
Flemish Brabant,50.87998,4.472943
Brussels Capital Region,50.86744,4.37727
Liège,50.6879204,5.8165299
Luxembourg,49.85469,5.3976500000000005
Namur,50.4674593,4.8718068
West Flanders,51.0895361,2.9764437
Namur,50.13057105,4.49938288
Liège,50.7236181,5.0076779
Limburg,50.7767693,5.2140653
Liège,50.7109307,6.0047662
West Flanders,51.0735961,2.7927886
East Flanders,51.1636,4.138968
Luxembourg,50.07962228,5.21573907
Hainaut,50.4876731,4.54502291
West Flanders,51.1075947,3.1594468
Limburg,51.13016,5.5243649
East Flanders,51.21908188,4.2738165200000005
Hainaut,50.6335009,3.7882733
Liège,50.6450906,5.5680700000000005
Namur,50.3736531,4.7748373
Brussels Capital Region,50.8569755,4.3193694
Namur,50.1362261,4.7461199
Liège,50.6494548,5.5975058
Brussels Capital Region,50.8081801,4.4022362
Hainaut,50.2193266,4.2906548
Hainaut,50.437365,4.1490178
East Flanders,51.1849524,3.565452
Liège,50.671852,5.649265
Hainaut,50.42810615,4.46486751
Limburg,50.8304,5.513613
Namur,50.33665205,5.36483234
Flemish Brabant,50.8533867,4.6766934
West Flanders,51.1084932,2.6131948
Limburg,51.1027184,5.1515641
Namur,50.4893354,4.9662543
Liège,50.7053037,5.6500609
Brussels Capital Region,50.8333953,4.3829675
Antwerp,51.2300691,4.8303083
Liège,50.69757,5.25553
East Flanders,50.89563,3.87682
Brussels Capital Region,50.844869,4.4337252
Luxembourg,49.5663899,5.5284289
Hainaut,50.4792056,3.7659709
Walloon Brabant,50.6422504,4.5680813
Liège,50.602764,5.5588371
West Flanders,50.9371925,3.1085166
Liège,50.5449306,5.3384527
Namur,50.435339,4.7619677
Namur,50.0121589,4.47417727
Brussels Capital Region,50.8351987,4.3689394
Flemish Brabant,50.7139668,4.219019
Hainaut,50.6947227,4.0418874
Hainaut,50.4555788,4.2456208
Namur,50.4671294,4.8831975
West Flanders,51.0966847,3.2089137
West Flanders,51.3416443,3.2615826
East Flanders,50.9241454,3.7306393
Limburg,51.057,5.27226
Luxembourg,50.0908293,5.6808856
East Flanders,50.82539,4.02569
Namur,50.18904855,4.82870001
Luxembourg,49.7267434,5.6634857
Brussels Capital Region,50.8,4.3333333
Flemish Brabant,50.99841,5.0322917
Brussels Capital Region,50.828948,4.3889255
Namur,50.2340362,4.9169434
Liège,50.6527215,5.5532061
Brussels Capital Region,50.8140475,4.3491795
Liège,50.48416045,5.25619035
Liège,50.632829,5.551221
Brussels Capital Region,50.898407,4.3628116
Liège,50.43233,6.043065
Liège,50.6552315,5.4903322
Liège,50.63908955,5.5735547
East Flanders,51.0700765,4.0403498
East Flanders,50.7379654,3.9182524
Namur,50.50702555,4.98291213
Namur,50.4293664,4.6373377
East Flanders,50.7717861,3.8735782
Luxembourg,50.221239,5.3452772
West Flanders,51.0970203,2.5913589
Namur,50.1694226,4.9798922
Liège,50.6741856,5.662409
Liège,50.6285512,5.4913572
Antwerp,51.106,4.327625
Hainaut,50.52532135,3.52713388
West Flanders,51.21104,2.8794500000000003
Brussels Capital Region,50.8484525,4.4186966
Luxembourg,49.6817918,5.8122132
Hainaut,50.7529845,3.7036973
Walloon Brabant,50.64567,4.36712
Hainaut,50.493438,4.208347
Hainaut,50.4048263,3.8383261
Hainaut,50.4450814,4.4096578
Brussels Capital Region,50.8305187,4.3175108
Namur,50.48979776,4.9688124
West Flanders,51.3472932,3.2863113
Liège,50.6432674,5.5520501
Limburg,51.0535196,5.3887317
Luxembourg,49.5608954,5.808873
Limburg,50.97314,5.46648
Limburg,50.9324271,5.3459115
Limburg,50.804474,5.3094423
East Flanders,51.0179869,4.0031714
West Flanders,50.860553,2.7285603
Limburg,50.721305,5.1307873
Limburg,50.7900911,5.4792561
Brussels Capital Region,50.86744,4.37727
Brussels Capital Region,50.8389572,4.304168
Luxembourg,49.6843946,5.80874812
Hainaut,50.513555,4.3581617
Flemish Brabant,50.8998059,4.7183986
Liège,50.6010385,5.5385834
Antwerp,51.21349,4.440726
Liège,50.6245538,5.58033764
Antwerp,51.2224364,4.4824672
West Flanders,50.84788,3.024675
West Flanders,50.7840507,3.0553951
West Flanders,50.8369113,3.2622001
Hainaut,50.4479816,3.8229912
Hainaut,50.413213,3.7948107
Limburg,50.847069,5.5198419
East Flanders,50.9334848,3.6577045
Antwerp,51.27333,4.40879
West Flanders,50.8552573,2.8962899
Hainaut,50.4157341,4.5487605
Liège,50.6148638,5.6885062
Hainaut,50.4473065,3.8584349
East Flanders,51.0885393,4.0515411
Brussels Capital Region,50.83715,4.32553
Brussels Capital Region,50.898591,4.3549784
Limburg,50.7603418,5.7227344
Antwerp,51.2027,4.462527
Liège,50.5413781,5.2780528
Liège,50.6706286,5.6570137
Antwerp,51.17709,4.766642
Namur,50.2451448,4.6468567
Hainaut,50.4567,4.09927
Namur,50.159,4.624052
Flemish Brabant,50.8805755,4.7055351
West Flanders,51.313319,3.1238084
Brussels Capital Region,50.86744,4.37727
Brussels Capital Region,50.8235717,4.3766927
East Flanders,50.95437,4.04533
West Flanders,50.7777987,3.4411168
Hainaut,50.3189203,4.3856549
Luxembourg,50.159383,5.4141116
Hainaut,50.406396,4.3063835
Limburg,50.8370614,5.3550791
Limburg,51.0472382,5.1551012
East Flanders,51.2078864,3.4169414
Hainaut,50.4261326,4.6031644
Hainaut,50.414224,4.3787236
West Flanders,50.7847469,3.0642024
Liège,50.4707445,5.67098675
Namur,50.2222259,4.4534184
Liège,50.6394394,5.5854796
Namur,50.1596036,5.2221665
Brussels Capital Region,50.8648307,4.3491892
Luxembourg,50.30574,5.39912
Luxembourg,50.1670102,5.41552
Liège,50.6381503,5.4746994
Walloon Brabant,50.71469,4.3991
Namur,50.42853,4.6388
Brussels Capital Region,50.874464,4.399615
West Flanders,51.1926472,3.262922
Namur,50.4671846,4.6974747
Brussels Capital Region,50.8406393,4.3830028
Flemish Brabant,50.8368307,4.2285862
Namur,50.4143728,4.8877835
Hainaut,50.1668666,4.3182095
Flemish Brabant,50.9932879,4.7330831
Brussels Capital Region,50.8569755,4.3193694
East Flanders,50.7885295,3.5069936
Namur,50.3103161,4.8814636
Luxembourg,49.5663056,5.5300379
East Flanders,51.17267,4.124665
Antwerp,51.10821,4.323799
Limburg,50.7382085,5.2996829
Brussels Capital Region,50.8474688,4.3543247
Limburg,50.8160464,5.1797396
Antwerp,51.183838,4.4419227
Antwerp,51.2205664,4.4135862
Brussels Capital Region,50.8996102,4.3599791
Brussels Capital Region,50.8506244,4.3064894
Hainaut,50.4018544,4.4777803
Hainaut,50.4623107,3.7129612
Limburg,50.8816191,5.3561326
Brussels Capital Region,50.8728628,4.3934205
Liège,50.5922548,5.6028887
Antwerp,51.3204,4.739067
Hainaut,50.4654265,4.3206532
West Flanders,51.0997949,2.6214955
Namur,50.5914711,4.7785689
Antwerp,51.16817,4.473844
Limburg,50.96258,5.486957
Liège,50.6435563,5.6269302
Luxembourg,49.8410792,5.4364982
Luxembourg,50.166692,5.7666426
Brussels Capital Region,50.804052,4.3939913
Namur,50.44216,4.89379
Hainaut,50.7140358,3.841308
Limburg,51.2056762,5.4175602
Brussels Capital Region,50.8327774,4.3548989
East Flanders,50.902929,3.5290827
Flemish Brabant,50.9048555,4.296181
Luxembourg,50.0891891,5.2142587
West Flanders,50.9153336,3.2131962
Namur,50.2718747,4.5694798
Luxembourg,50.2916608,5.5819657
Flemish Brabant,50.8594757,4.5131721
Antwerp,51.22704,4.462025
East Flanders,50.7739565,3.7753761
West Flanders,50.8277,3.264371
Hainaut,50.3821694,4.4014834
Flemish Brabant,50.7425579,4.3621427
Brussels Capital Region,50.8,4.3333333
West Flanders,51.1169148,2.6371974
Hainaut,50.02576,4.32792
Antwerp,51.0216096,4.4727243
Antwerp,51.2700444,4.78587199
West Flanders,51.2034703,2.9118703
Walloon Brabant,50.668081,4.6118324
West Flanders,51.2029484,3.1867045
West Flanders,51.3353374,3.2402162
Liège,50.6673475,5.6335636
Limburg,51.0559604,5.3877268
Luxembourg,49.6878481,5.819021
Flemish Brabant,51.0078282,4.8293982
Limburg,50.932735,5.577468
Hainaut,50.2750402,4.288815
Namur,50.2956773,5.1008307
East Flanders,51.0851914,3.6743281
Namur,49.9662921,4.5305773
East Flanders,51.1822,4.243347
Flemish Brabant,50.74594,4.35753
Antwerp,51.1944,4.445515
East Flanders,50.9532402,4.0641606
Limburg,51.1118964,5.2283135
East Flanders,51.13468,4.206624
Luxembourg,50.2132261,5.91022731
Namur,50.28346,4.94045
Hainaut,50.444173,4.386727
Luxembourg,49.714383,5.2346
Liège,50.6124649,5.4646819
Antwerp,51.31719,4.944869
Antwerp,51.14694,4.851985
Hainaut,50.6670101,3.2690718
West Flanders,51.1697038,2.7776519
Liège,50.5876235,5.6337201
Hainaut,50.3979847,4.169861
Antwerp,51.16632,4.439838
Brussels Capital Region,50.85456,4.3975
East Flanders,51.0385736,3.7532777
Antwerp,51.2262782,4.4369247
Brussels Capital Region,50.8448245,4.3423401
Walloon Brabant,50.77200616,4.65325738
Luxembourg,49.866876,5.0384163
Hainaut,50.7022281,3.576973
Liège,50.64364655,5.6037114
Antwerp,51.189128,5.2444973
Liège,50.6682688,5.0844735
Liège,50.3946703,6.1654512
Hainaut,50.35941,3.79349
Brussels Capital Region,50.8555583,4.3562723
West Flanders,51.2265632,2.9094446
West Flanders,50.8587561,3.3751737
East Flanders,51.1237368,4.199612
Liège,50.6006362,5.4684878
Namur,50.4796529,4.7042186
Luxembourg,49.99768788,5.71678128
West Flanders,51.316605,3.1342888
Liège,50.5838036,5.508388
West Flanders,50.941712,3.12056
Luxembourg,50.0062282,5.7180337
Limburg,50.9335627,5.4432039
West Flanders,50.9918507,3.2635139
Namur,50.4833333,5.0833333
Flemish Brabant,50.80558,4.93895
Namur,50.552108,4.9855088
Namur,50.2608047,4.9096824
West Flanders,50.7691157,3.4429062
Antwerp,51.0554675,4.5682032
West Flanders,50.9495761,3.1187643
East Flanders,50.968131,3.6449098
West Flanders,51.1735974,2.7823698
Antwerp,51.22455,4.521539
Brussels Capital Region,50.8427501,4.3515499
Flemish Brabant,50.8820888,4.6932732
Hainaut,50.4443909,3.8645777
East Flanders,51.12319731,3.71878169
West Flanders,51.1723585,2.7787398
Liège,50.5588226,5.9662952
Limburg,50.977783,5.7105702
Antwerp,51.0902984,4.6091334
Limburg,51.0241851,5.7100359
Namur,50.4680278,4.8615299
Namur,50.25227,4.68021
West Flanders,51.27348,3.03284
Antwerp,51.17626,4.837605
Hainaut,50.6379973,3.3788194
Liège,50.6976605,5.6525404
Brussels Capital Region,50.865341,4.295748
Brussels Capital Region,50.8732893,4.3809726
Walloon Brabant,50.5886574,4.3308649
Namur,50.3552115,5.3143175
East Flanders,50.8365422,4.0100009
Brussels Capital Region,50.8283693,4.3072672
Liège,50.5910571,5.5130344
East Flanders,50.9428,4.01785
Liège,50.6350757,5.5628874
Namur,50.2263014,4.7973298
Flemish Brabant,50.7714262,4.0563582
Luxembourg,49.5659609,5.6195462
Luxembourg,50.2282896,5.3441606
Namur,50.494573,5.0132288
Antwerp,51.0952,4.757127
Liège,50.6420046,5.6439652
Hainaut,50.5819027,3.9170981
Brussels Capital Region,50.8365808,4.308187
Namur,50.2587348,4.522653
Brussels Capital Region,50.80260515,4.32972742
Liège,50.7376605,5.6810077
Limburg,50.9152535,5.5990338
East Flanders,50.9907027,3.5206084
Brussels Capital Region,50.8575093,4.3472635
East Flanders,50.8727015,3.8101736
Brussels Capital Region,50.842365,4.423892
Hainaut,50.7281602,3.3048918
Liège,50.6929506,5.4381762
Liège,50.7127029,5.6261513
Luxembourg,49.606802,5.4815428
East Flanders,51.0006085,3.5507116
Brussels Capital Region,50.818351,4.4387447
West Flanders,51.1094775,2.7653067
Namur,50.2127777,4.808074
East Flanders,51.0363715,3.7310589
Walloon Brabant,50.69054,4.2026
East Flanders,50.8516007,4.0338079
West Flanders,50.8971265,2.8638764
Namur,50.22001,4.82654
Namur,50.47195,4.885825
West Flanders,51.2287608,2.9091745
West Flanders,50.94466,3.12337
Hainaut,50.4840484,4.2136689
Liège,50.6107773,5.5540234
Luxembourg,50.2565581,5.64919179
Namur,49.891646,4.9286699
Antwerp,51.35399,4.4004
Luxembourg,50.0262144,5.3729959
Hainaut,50.417353,3.865348
Luxembourg,50.2553813,5.7542373
Antwerp,51.29813922,4.74822336
Antwerp,51.03297,4.476501
Walloon Brabant,50.69182,4.987257
Flemish Brabant,50.9957312,4.670191
West Flanders,51.3160186,3.1316617
Liège,50.6766945,6.134004
East Flanders,50.8451287,3.6062195
Brussels Capital Region,50.8427501,4.3515499
West Flanders,50.9656382,3.1342993
East Flanders,50.95538889,4.05836952
Liège,50.7445357,5.9995204
Luxembourg,50.35473894,5.49372998
Namur,50.5022173,4.8760877
Liège,50.6037115,5.4823448
East Flanders,51.0308552,3.7674868
Liège,50.5831762,5.8507397
Brussels Capital Region,50.8683987,4.3965952
Limburg,51.1258304,5.2570524
Brussels Capital Region,50.8918502,4.3327988
East Flanders,51.20048715,3.93084565
Liège,50.4736649,5.6762179
West Flanders,50.8264844,3.2616678
Limburg,51.0308232,5.2398801
West Flanders,50.85128,2.8841900000000003
Hainaut,50.45652695,4.24575603
Liège,50.5478661,5.593197
East Flanders,50.80276,3.76382
Hainaut,50.4704223,4.1189219
Liège,50.5445781,5.3113289
Liège,50.6366697,5.5818026
Luxembourg,50.3483223,5.4793085
Antwerp,51.32124,4.945271
Luxembourg,49.7809026,5.2392465
Antwerp,51.0328064,4.4719289
Namur,50.421206,4.8633172
Flemish Brabant,50.7202168,5.083665
Hainaut,50.1660176,4.182086
Brussels Capital Region,50.8210039,4.4195539
Namur,50.4674593,4.8718068
Liège,50.633835,5.5018764
Liège,50.6408881,5.5053839
Limburg,51.1913215,5.3966251
Luxembourg,49.6287767,5.6970914
Brussels Capital Region,50.8381484,4.4329851
Namur,50.48760145,5.09772231
Namur,50.0515957,4.4950397
Brussels Capital Region,50.8275167,4.2863704
Liège,50.5464266,5.32398358
Flemish Brabant,50.99523,4.675769
Brussels Capital Region,50.8235717,4.3766927
Liège,50.4907444,5.8689794
Namur,50.49137,5.096593
West Flanders,51.224507,2.9093022
Liège,50.7575959,5.6106675
Limburg,51.0983909,5.7837625
East Flanders,50.9854718,4.0566373
East Flanders,51.13747,4.294346
Walloon Brabant,50.60953,4.4476
Brussels Capital Region,50.8537715,4.3704657000000005
Brussels Capital Region,50.82555,4.369695
Liège,50.5868414,5.4084479
Brussels Capital Region,50.8206516,4.3845016
Namur,50.1248202,5.25191929
Brussels Capital Region,50.8718692,4.3376586
Hainaut,50.3241156,4.4465124
Brussels Capital Region,50.8877851,4.31113
Liège,50.5132921,5.49193611
Hainaut,50.6907008,4.0172838
East Flanders,50.9373115,4.025755
Liège,50.5051312,5.5055023
Brussels Capital Region,50.8512671,4.37441412
Antwerp,51.2133,4.656548
Namur,50.51228,4.57702
Walloon Brabant,50.7194486,4.611838
Hainaut,50.6947227,4.0418874
Liège,50.5486849,5.6684842
Liège,50.5872634,5.5154577
Liège,50.6769613,5.639851
Brussels Capital Region,50.832177,4.388949
Antwerp,51.31891,4.945468
Limburg,50.8510257,5.4911897
East Flanders,51.096452,4.138066
Brussels Capital Region,50.8758904,4.3131471
Hainaut,50.7459126,3.219272
Flemish Brabant,50.808882,4.935192
Flemish Brabant,50.9103739,4.35564
Hainaut,50.7311992,3.4064337
Brussels Capital Region,50.8540039,4.3904822
Liège,50.5212915,5.2348308
West Flanders,50.9489824,3.1145112
Namur,50.4185928,4.9239001
Liège,50.5264798,5.2284764
Hainaut,50.3833333,4.0833333
Brussels Capital Region,50.8808582,4.3227894
Limburg,51.0355044,5.7097127
East Flanders,51.21923643,4.2742564
Hainaut,50.6056059,3.3880367
Liège,50.577852,5.8251717
Walloon Brabant,50.71469,4.3991
Limburg,50.9742829,5.0994554
West Flanders,50.8102989,3.0731767
Luxembourg,50.1285964,5.7916244
Walloon Brabant,50.6978878,4.4221407
Hainaut,50.4069434,3.9003448
Hainaut,50.6531232,3.4442619
Hainaut,50.1722716,4.3127661
West Flanders,51.096303,2.5905441
Liège,50.6410323,5.5723624
East Flanders,50.774211,3.8704675
West Flanders,51.1192611,2.632066
Liège,50.5831196,5.3528972
Antwerp,51.10773,4.809844
West Flanders,51.3406742,3.2904095
Brussels Capital Region,50.8170152,4.4305415
Namur,50.4883506,5.0972358
Luxembourg,50.37843089,5.53767362
East Flanders,51.1087397,3.6227723
Hainaut,50.3914084,4.4589418
Namur,50.4336203,5.0044463
Hainaut,50.3978121,4.4273472
East Flanders,50.7757498,3.8821033
Limburg,51.21302,5.386034
Luxembourg,50.0005973,5.7152666
Liège,50.4114801,5.3635498
West Flanders,50.9070105,3.2128196
Hainaut,50.7502762,3.4730715
Liège,50.6285814,5.6083548
Liège,50.6415405,5.5743638
Flemish Brabant,50.9137425,4.511991
Hainaut,50.4171274,4.4308155
Luxembourg,49.6635402,5.497186
Hainaut,50.4146689,4.4455438
Antwerp,51.2184167,4.424929
West Flanders,50.8941557,3.1189282
Antwerp,51.21759,4.442526
West Flanders,51.2674959,3.0319968
Luxembourg,50.3302902,5.4357028
Brussels Capital Region,50.835947,4.3013959
Antwerp,51.1740792,4.3942304
Liège,50.7367499,5.6977893
West Flanders,51.3401484,3.2388048
Limburg,50.988274,5.3697699
Hainaut,50.3744413,4.3779578
Flemish Brabant,50.91006,4.365538
Namur,50.4254558,5.0057265
Namur,50.1552815,5.2220592
Antwerp,51.2214091,4.473335
Antwerp,51.05786,4.6676400000000005
Antwerp,51.1238523,4.4367362
Antwerp,51.2682227,4.7125694
Antwerp,51.34989031,4.66951407
Hainaut,50.7311992,3.4064337
Brussels Capital Region,50.8995235,4.3847547
West Flanders,51.1196378,2.6385716
East Flanders,50.93393,4.04806
Walloon Brabant,50.5886574,4.3308649
Hainaut,50.4554539,3.7860615
Flemish Brabant,50.95382,4.2588
Hainaut,50.6428272,3.2946916
Limburg,51.0077188,5.58953
Hainaut,50.7281602,3.3048918
Hainaut,50.6091273,3.3903492
Hainaut,50.5606,4.1724
Brussels Capital Region,50.8145845,4.356264
Brussels Capital Region,50.8671909,4.3372097
Namur,50.13921,5.14662
West Flanders,51.2290437,2.9181319
East Flanders,51.02086358,3.61527782
East Flanders,50.91871,3.9329
Antwerp,51.1798,4.830019
Luxembourg,50.41675677,5.48346595
Liège,50.6412861,5.6027521
Hainaut,50.7144279,3.2192747
East Flanders,50.94131,3.97347
East Flanders,50.7701785,3.8762386
Hainaut,50.6056059,3.3880367
West Flanders,51.3123743,3.1327685
Luxembourg,49.6887261,5.8065637
Namur,50.05,4.4833333
Liège,50.547828,5.5261047
Namur,50.4630907,4.6786862
Luxembourg,50.20075,5.49404
Liège,50.6538907,5.5482704
Namur,50.1142296,5.2427497
Liège,50.5352602,5.8136487
Hainaut,50.5061246,4.3744616
Liège,50.507161,5.4198582
Hainaut,50.4403787,3.8727083
Luxembourg,50.2015792,5.319179
East Flanders,50.7423848,3.6081381
West Flanders,50.8468433,3.4562027
Liège,50.4381,5.46538
Brussels Capital Region,50.8427501,4.3515499
Brussels Capital Region,50.8678643,4.3238064
Luxembourg,50.3786939,5.53568
Antwerp,51.03428,4.492278
Liège,50.6535434,5.1346045
Namur,50.274697,5.0665018
East Flanders,50.7405457,3.5989246
Liège,50.6459451,5.5878642
Luxembourg,50.3462519,5.5645421
Namur,50.47935056,5.14842787
East Flanders,50.9597659,3.5951408
West Flanders,51.2251414,2.9233405
Hainaut,50.541775,3.3978021
Antwerp,51.135301,4.3374765
West Flanders,51.2181717,2.9077925
Walloon Brabant,50.5463818,4.5351225
Brussels Capital Region,50.8,4.3333333
Hainaut,50.40405145,4.4284582
Luxembourg,50.2977536,5.4760989
Hainaut,50.4099481,4.3846585
Antwerp,51.22638,4.914298
Liège,50.6366528,5.5717498
Namur,50.77806155,4.37739035
West Flanders,51.1143642,2.6184365
East Flanders,51.0308552,3.7674868
Antwerp,51.23294,4.423592
Hainaut,50.5186636,3.6801487
East Flanders,51.13468,4.206624
Namur,50.33392,4.90372
Liège,50.3584381,6.1846472
Hainaut,50.7459126,3.219272
Liège,50.4804427,5.7109181
Luxembourg,49.7822532,5.2353261
Hainaut,50.4324843,4.5364464
Liège,50.6030912,5.68511
Liège,50.6298325,6.071043
Luxembourg,49.79562,5.06979
Hainaut,50.513041,3.4148305
West Flanders,51.2207458,2.9010324
Limburg,50.9642415,5.4958746
Limburg,51.0570365,5.282409
Hainaut,50.608334,4.141006
Namur,50.1636476,5.2161369
Hainaut,50.6335009,3.7882733
Namur,50.06645382,4.98641732
Liège,50.5948918,5.8661939
Hainaut,50.47926,4.18971
Antwerp,51.2142276,4.4926025
Brussels Capital Region,50.8372674,4.3410071
Antwerp,51.1762,5.169894
Antwerp,51.11766,4.39401
Hainaut,50.2377076,4.2384655
East Flanders,50.744553,3.5965814
Liège,50.6248717,5.6508119
Antwerp,51.22735855,4.47289609
Luxembourg,49.65609477,5.86476447
East Flanders,51.0769076,3.4323446
West Flanders,51.2976457,3.0830791
Luxembourg,50.1834463,5.3097721
West Flanders,50.832865,3.0283128
West Flanders,51.1925496,3.2700719
West Flanders,51.10857,2.6065168
Limburg,51.01731,5.394603
Liège,50.7130398,5.7228078
Hainaut,50.45383,4.23538
Limburg,51.03469,5.388251
East Flanders,51.0308552,3.7674868
Namur,50.1694226,4.9798922
Namur,50.06677,4.853
Liège,50.6287039,5.5330787
Limburg,50.8145407,5.1851971
Walloon Brabant,50.5984528,4.4975117
Brussels Capital Region,50.8,4.3166667
Hainaut,50.4080301,4.5809294
East Flanders,51.1974663,4.1922256
Liège,50.6481801,5.5662814
Limburg,51.0173464,5.2715063
Namur,50.4692621,4.9942153
Brussels Capital Region,50.8557609,4.3558594
East Flanders,50.89248,3.93779
Namur,50.4574965,4.6908723
Luxembourg,50.0011115,5.7221809
West Flanders,50.85128,2.8841900000000003
Namur,50.37825,4.89876
Namur,50.528452,4.603259
East Flanders,50.7719416,3.8802845
East Flanders,51.0103403,3.6374217
West Flanders,51.2749815,3.0333772
Luxembourg,50.0829728,5.1207018
Liège,50.5317878,5.2398276
Brussels Capital Region,50.77897123,4.36658239
Luxembourg,50.3693793,5.5344467
Brussels Capital Region,50.8307185,4.3617758
Antwerp,51.2282564,4.3831054
Flemish Brabant,51.0285894,4.7744623
Liège,50.7309245,5.3794385
Namur,50.1362261,4.7461199
Flemish Brabant,50.8707194,4.5420042
Namur,50.4849039,5.0970719
Luxembourg,50.34456,5.42293
Brussels Capital Region,50.874464,4.399615
Luxembourg,50.2932592,5.5708806
Namur,50.50097155,5.08456682
Hainaut,50.4776159,4.1401203
Flemish Brabant,50.7384252,4.2292269
West Flanders,51.2500859,2.9698386
Luxembourg,49.65609477,5.86476447
Limburg,50.92757,5.328095
East Flanders,50.9826946,3.5334583
Liège,50.4550243,5.5758101
Hainaut,50.4976211,3.6696182
Hainaut,50.4221922,4.4468265
Antwerp,51.2755,4.413453
Hainaut,50.4479352,3.8990501
Brussels Capital Region,50.8305832,4.36351334
Hainaut,50.385473,3.7525313
Namur,50.2490537,4.7147833
Antwerp,51.16841,4.50685
East Flanders,50.95547337,4.05828905
Brussels Capital Region,50.8243208,4.4089092
Antwerp,51.20427,4.415238
Hainaut,50.36839,3.69813
Brussels Capital Region,50.8157485,4.3466114
Hainaut,50.7459126,3.219272
Brussels Capital Region,50.8611276,4.4172636
Flemish Brabant,50.8295218,4.4752648
Antwerp,51.23294,4.423592
Flemish Brabant,50.76246,4.473
West Flanders,51.2312693,2.9188888
Namur,50.20481,4.86481
Hainaut,50.4084471,4.4444011
Flemish Brabant,50.8427205,4.2581784
East Flanders,51.0160799,3.6715436
Namur,50.1090772,4.9571546
Liège,50.6174421,5.6039035
Walloon Brabant,50.7158951,4.6128257
Namur,50.1958462,4.5430358
Brussels Capital Region,50.8501851,4.3707827
Namur,50.4630166,4.8472428
West Flanders,51.1129699,2.6148532
Brussels Capital Region,50.8235717,4.3766927
Hainaut,50.48706,4.22764
Hainaut,50.4443909,3.8645777
West Flanders,51.0996592,2.5950426
East Flanders,51.17626,3.937452
Flemish Brabant,50.9347832,4.3644302
Antwerp,51.1412,4.766354
Liège,50.7428891,5.979759
Hainaut,50.4447363,4.3891047
Namur,50.2956773,5.1008307
Antwerp,51.21248952,4.76040594
Brussels Capital Region,50.8567469,4.343953
Antwerp,51.1996,4.478783
Namur,50.3363,4.98662
Liège,50.5994788,5.8961836
Brussels Capital Region,50.8424915,4.342983
Luxembourg,50.17382,5.28783
Brussels Capital Region,50.8631471,4.3540198
Namur,50.5683365,4.6956454
Hainaut,50.6272412,4.1619194
Antwerp,51.10004,4.790622
Brussels Capital Region,50.8548352,4.4393452
Brussels Capital Region,50.8918522,4.3858864
Hainaut,50.7401612,3.4849502
Antwerp,51.0589585,4.6620299
Brussels Capital Region,50.81705252,4.29333285
Hainaut,50.3732842,4.3746486
Brussels Capital Region,50.8876559,4.3173403
East Flanders,50.7653531,3.8873708
West Flanders,51.3385567,3.2879259
Liège,50.6676783,5.0422052
East Flanders,50.85357685,3.78554892
Flemish Brabant,50.763681,4.3601859
Liège,50.6808375,5.6862156
Flemish Brabant,50.7785818,4.24326
East Flanders,50.91396,3.97502
Luxembourg,49.5792831,5.8497214
Antwerp,51.13306,4.774273
East Flanders,51.0028673,3.8896461
Luxembourg,49.9202515,5.7109182
Brussels Capital Region,50.8932097,4.3206026
Hainaut,50.7459126,3.219272
Antwerp,51.0227974,4.4773855
West Flanders,50.8267812,3.2746276
Antwerp,51.22572,4.467651
Liège,50.6640575,5.5654973
East Flanders,51.0575994,3.6599259
Limburg,50.88787,5.526891
Luxembourg,49.5792831,5.8497214
Namur,50.2064373,5.2236448
Hainaut,50.4,3.8833333
Antwerp,51.30319583,4.50564305
Flemish Brabant,50.9368821,4.3169054
Walloon Brabant,50.73912,4.69949
Brussels Capital Region,50.83736,4.31815
Brussels Capital Region,50.8459742,4.4268551
Hainaut,50.1691017,4.3182237
Brussels Capital Region,50.8690254,4.3213266
Liège,50.6215058,5.2990485
Liège,50.6801766,5.6033348
Antwerp,51.31552,4.947775
Limburg,50.73608,5.207407
Limburg,50.92865,5.347836
Namur,50.3,4.8666667
Antwerp,51.32402,4.953304
Limburg,51.0890537,5.2294861
Liège,50.5370853,5.6245945
Namur,50.4674593,4.8718068
Limburg,51.22415,5.326555
Antwerp,51.1208918,4.5911588
Flemish Brabant,50.856788,4.4675563
Brussels Capital Region,50.8513996,4.3095502
Liège,50.5218798,5.2463882
Antwerp,51.14914,4.452381
Hainaut,50.4034322,3.6904002
Hainaut,50.4157265,4.449213
East Flanders,50.7998006,3.9720461
Limburg,50.99062,5.382923
Hainaut,50.6110804,3.381284
Brussels Capital Region,50.8243985,4.4022007
Liège,50.6364889,5.5697128
Brussels Capital Region,50.8697787,4.3371224
Hainaut,50.4083585,4.4490664
Namur,50.11482,5.09357
Liège,50.69757,5.25553
West Flanders,50.7790895,3.4511795
Hainaut,50.4431617,4.4259921
Liège,50.6072432,5.6656597
Namur,50.2195367,4.4563959
East Flanders,50.93189,4.04393
Liège,50.7310422,5.764086
Antwerp,51.1415209,4.3777933
Antwerp,51.32973,4.775261
Hainaut,50.4100558,4.3249526
Limburg,50.9292198,5.3384397
Luxembourg,49.8418004,5.4344555
West Flanders,51.3544569,3.2961221
Liège,50.52858248,5.54571933
Namur,50.4024613,5.0755536
West Flanders,50.8486316,3.4470589
Brussels Capital Region,50.8465402,4.3763223
West Flanders,51.14451,2.706199
Brussels Capital Region,50.8235717,4.3766927
Luxembourg,50.0209423,5.6918152
Hainaut,50.47504,4.18567
Luxembourg,50.09357433,5.72566576
Limburg,50.8460092,5.4877304
Hainaut,50.7281602,3.3048918
East Flanders,50.7679573,3.8822227
Namur,50.49092,5.096384
Antwerp,51.32753,4.94671
Brussels Capital Region,50.8379133,4.3930474
Liège,50.634675,5.5700143
East Flanders,51.0464585,3.7420077
Liège,50.7019329,5.4407035
Limburg,50.86872,5.510166
Limburg,51.0197869,5.7428896
Namur,50.21611,4.457809
Walloon Brabant,50.6427,4.914779
Brussels Capital Region,50.8235717,4.3766927
Antwerp,51.04092,4.509879
Antwerp,51.1822551,4.4324592
Antwerp,51.25936,4.439985
Liège,50.4225443,5.2392999
Hainaut,50.4018544,4.4777803
Antwerp,51.2099787,4.4171585
Namur,50.4143728,4.8877835
Antwerp,51.1631221,5.0043074
Brussels Capital Region,50.800919,4.414715
Liège,50.6873139,5.6731744
Luxembourg,50.37569346,5.52567249
Hainaut,50.5456972,3.3663948
West Flanders,51.3117149,3.122786
West Flanders,50.8641599,3.4456793
Antwerp,51.1746316,4.4381063
Hainaut,50.6056059,3.3880367
Antwerp,51.0558846,4.2338458
Hainaut,50.14337,4.26913
Luxembourg,49.7005506,5.8131359
Liège,50.6350757,5.5628874
Flemish Brabant,50.75916,4.15817
Luxembourg,50.2282896,5.3441606
Antwerp,51.22229,4.404342
Limburg,51.0046587,5.7185389
Namur,50.2340362,4.9169434
Liège,50.3919722,5.6798316
Liège,50.6293563,5.5708509
Liège,50.5698428,5.5755924
Namur,50.44938,4.63024
Brussels Capital Region,50.8751909,4.3198834
Namur,50.25351355,4.43480491
West Flanders,50.8502568,3.3021599
Hainaut,50.4055556,3.8747222
Antwerp,51.13092,4.58827
East Flanders,50.8524471,4.0124106
Hainaut,50.6467287,3.7664662
Namur,50.22945,4.84222
Liège,50.6395864,5.5899153
Brussels Capital Region,50.788641,4.3611307
East Flanders,51.15442,4.157551
Antwerp,51.2297369,4.4737173
Hainaut,50.477922,4.5463403
Liège,50.6529496,5.5944318
Flemish Brabant,50.9919877,4.5041663
Brussels Capital Region,50.8134026,4.3868242
Liège,50.576866,5.1440527
Limburg,50.9853508,5.3657929
Flemish Brabant,50.9550152,4.7208681
Limburg,50.8380343,5.3281114
Liège,50.6117933,5.5943018
Walloon Brabant,50.69054,4.2026
Luxembourg,49.8350716,5.0012548
West Flanders,51.1872067,3.3787976
Antwerp,51.1792868,4.832741
West Flanders,51.0353351,3.1467858
Hainaut,50.3923311,4.4744949
Brussels Capital Region,50.8729127,4.4049591
West Flanders,51.209379,3.2246451
Flemish Brabant,50.74657,4.27369
Flemish Brabant,50.77509,4.54531
Hainaut,50.3744413,4.3779578
West Flanders,51.1894289,3.2334179
Liège,50.7015315,5.2604181
Liège,50.7199472,5.9603189
Antwerp,51.32402,4.953304
Hainaut,50.4783401,3.9473544
Antwerp,51.06596,4.360964
East Flanders,51.1104057,3.8013171
Antwerp,51.17499,4.400792
Liège,50.5920059,5.8670671
East Flanders,50.7544416,3.5945386
Brussels Capital Region,50.8134358,4.4161636
Brussels Capital Region,50.8347492,4.3965981
Hainaut,50.6670101,3.2690718
East Flanders,50.8745191,3.6969658
Brussels Capital Region,50.8734468,4.3241492
Antwerp,51.0188593,4.4725277
Hainaut,50.4092811,4.4371483
Luxembourg,50.3260048,5.9066265
Limburg,51.05505,5.088744
West Flanders,51.2712729,3.029925
Brussels Capital Region,50.8555622,4.3056957
East Flanders,50.8320662,3.5441144
Antwerp,51.0568,4.359516
Liège,50.665333,5.3994597
Walloon Brabant,50.7337443,4.3953389
Antwerp,51.23042,4.404212
Antwerp,51.14757,4.575445
Liège,50.4993412,5.2370821
Antwerp,51.0223913,4.4848344
East Flanders,50.7762373,3.880139
Brussels Capital Region,50.8576783,4.3785684
Antwerp,51.35078,4.633273
Antwerp,51.16295,4.665729
East Flanders,51.005583,3.888257
Limburg,50.971957,5.4878007
Hainaut,50.3985274,3.8497022
Brussels Capital Region,50.8535745,4.3809127
Liège,50.71579,5.69264
Namur,50.2340362,4.9169434
Namur,50.4460479,4.8992345
East Flanders,51.0509732,3.7012871
Hainaut,50.4607653,4.3836535
Brussels Capital Region,50.8246712,4.3818766
Liège,50.63994,5.6059
Liège,50.70828,5.6459
East Flanders,50.77989,3.873209
Liège,50.6710156,5.6581686
Luxembourg,49.857263,5.2559505
Limburg,50.93589,5.584892
West Flanders,51.1372558,2.7611864
Antwerp,51.23071,4.443825
Liège,50.6441952,5.5627101
Brussels Capital Region,50.86919,4.30879
Luxembourg,49.6878481,5.819021
Hainaut,50.7459126,3.219272
East Flanders,51.1326626,4.19629
Namur,50.2808581,4.9710519
West Flanders,50.7831404,3.059245
East Flanders,51.002099,3.806152
Liège,50.5802068,5.8486272
Flemish Brabant,50.738563,4.009245
Namur,50.2025247,4.8636234
Flemish Brabant,50.8771918,4.7049401
West Flanders,50.8313779,3.3040133
Hainaut,50.226848,4.3763081
Hainaut,50.47441,4.18733
Antwerp,51.0922789,4.6102255
Brussels Capital Region,50.8743235,4.310348
Liège,50.6953516,5.3377693
Hainaut,50.4101922,4.3344867
Brussels Capital Region,50.8291139,4.4561261
Namur,50.1871514,4.61333522
West Flanders,51.2571429,2.9994088
Hainaut,50.602471,3.4582202
West Flanders,51.118857,2.629822
Antwerp,51.2087083,4.3964442
Hainaut,50.7459126,3.219272
Namur,50.2127777,4.808074
Hainaut,50.4974738,3.6073123
Luxembourg,50.1411756,5.8918068
Limburg,50.8152069,5.178992
Brussels Capital Region,50.8225821,4.3254875
Brussels Capital Region,50.8511262,4.3350596
Antwerp,51.29658,4.498079
Liège,50.7626993,5.613709
West Flanders,50.8055015,3.2573238
Antwerp,51.22496,4.504862
Liège,50.64948,6.17607
Limburg,50.985374,5.3653331
Brussels Capital Region,50.8582739,4.3180548
Flemish Brabant,50.8562187,4.449555
East Flanders,50.9421351,4.0458008
East Flanders,50.92365,3.800163
Brussels Capital Region,50.827236,4.2852003
Limburg,50.8542799,5.484812
Liège,50.6706081,5.5733347
Hainaut,50.7459126,3.219272
Flemish Brabant,51.00732,4.300376
West Flanders,51.2192943,2.9048308
Liège,50.5422843,5.27883792
Flemish Brabant,50.8074526,4.7863525
Hainaut,50.35858,4.53391
Luxembourg,50.05028185,5.63186777
Limburg,50.8788734,5.2424368
Liège,50.639772,5.5879232
Liège,50.6437608,5.5978122
West Flanders,51.096303,2.5905441
Antwerp,51.1945932,4.4032705
West Flanders,51.2124696,3.2190213
Brussels Capital Region,50.8203664,4.3544508
Luxembourg,49.6986875,5.7655914
Walloon Brabant,50.6887196,4.1937455
Luxembourg,49.90609292,5.56530448
West Flanders,51.1382436,2.7338947
Namur,50.2183,4.82455
Namur,50.2599628,4.9926313
East Flanders,51.0708265,3.6837249
Namur,50.33568,4.90932
Hainaut,50.4598209,4.164217
Brussels Capital Region,50.8405649,4.3409752
Liège,50.6350757,5.5628874
Brussels Capital Region,50.865376,4.3108172
Liège,50.4265622,5.5311817
Brussels Capital Region,50.8273546,4.2864259
Liège,50.7278216,5.568896
Hainaut,50.5495759,3.9043383
Namur,50.3756621,4.8674002
Antwerp,51.1308702,4.4421495
East Flanders,50.917199,3.6924977
Luxembourg,49.99806176,5.71621554
Liège,50.5512154,5.0506334
East Flanders,50.77599,3.891602
West Flanders,50.8465208,2.8769734
East Flanders,50.80282845,3.96676461
Hainaut,50.3231063,4.3824785
Antwerp,51.066187,4.3801407
Hainaut,50.469385,4.1892216
Luxembourg,50.2180437,5.7386928
Hainaut,50.4027259,4.4406919
West Flanders,51.0970603,2.5925495
Limburg,50.9666864,5.4993576
Namur,50.16347,4.83208
Luxembourg,50.3531507,5.4767764
Liège,50.7247101,5.9240904
Brussels Capital Region,50.8,4.3166667
Liège,50.643234,5.6255004
Hainaut,50.5724436,3.6814062
Antwerp,51.1691678,4.9884901
Hainaut,50.4029374,4.4407237
Limburg,50.8016758,5.341232
Hainaut,50.4138612,4.1638777
West Flanders,51.029863,2.902124
Liège,50.6394418,5.5627717
Antwerp,51.33092,4.386474
Hainaut,50.5996637,3.9392615
Liège,50.5897841,5.8607056
Liège,50.6229604,5.0070095
Limburg,50.788716,5.4787255
Luxembourg,50.1762655,5.3431278
Namur,50.216,4.81105
Antwerp,51.211041,5.1716104
Antwerp,51.313213,4.433553
East Flanders,50.8840445,4.0821782
Brussels Capital Region,50.8557037,4.4060104
Brussels Capital Region,50.8714551,4.300606
East Flanders,51.1327811,3.8686147
West Flanders,50.7608734,3.1758956
Liège,50.6555865,5.610643
West Flanders,51.2262601,2.9119418
Hainaut,50.6188957,3.707722
Limburg,51.0031299,5.1855589
East Flanders,51.067782,3.6983279
Liège,50.7362412,5.6959518
Namur,50.3802742,4.8129171
Flemish Brabant,50.9522331,4.709817
Namur,50.446734,4.630735
Liège,50.640588,5.5975465
Brussels Capital Region,50.8616187,4.3511461
Hainaut,50.4083176,4.4785694
Brussels Capital Region,50.8427501,4.3515499
Liège,50.7459762,5.6122764
Flemish Brabant,50.9951606,4.7383693000000005
Flemish Brabant,50.8286843,4.4780749
Hainaut,50.63843,4.1696
Antwerp,51.0201571,4.6219918
Luxembourg,49.7685511,5.5225441
Liège,50.5823318,5.5086705
Brussels Capital Region,50.8589582,4.3342592
Antwerp,51.2407352,4.5834231
East Flanders,51.0216083,3.7552723
Flemish Brabant,50.8702369,4.2648561
Antwerp,51.33328,4.772877
Brussels Capital Region,50.8,4.3333333
Namur,50.5682949,4.6904136
Antwerp,51.0262007,4.6600539
Namur,50.5596994,4.9139999
Luxembourg,49.8515631,5.6627834
Namur,50.53391,4.74584
Flemish Brabant,50.8789582,4.2864445
Namur,50.38641,4.689158
East Flanders,51.0565421,3.7088623
West Flanders,51.2638909,3.0375994
West Flanders,50.9934255,2.9119253
Hainaut,50.4570053,3.9843106
West Flanders,51.099795,2.621496
Namur,50.4955605,5.1119112
Hainaut,50.3543123,3.9274387
Brussels Capital Region,50.8611276,4.4172636
Brussels Capital Region,50.8291588,4.3399814
Hainaut,50.4327789,3.684904
Brussels Capital Region,50.8525595,4.3044078
Brussels Capital Region,50.842365,4.423892
Namur,50.4595225,4.8718991
West Flanders,51.2067168,3.2169363
Antwerp,51.05102,4.882259
East Flanders,50.9015382,3.8784086
Luxembourg,49.684917,5.8110842
Antwerp,51.0647521,4.6802391
East Flanders,51.0160653,3.8705603
Namur,50.21105,4.8392
Namur,50.4135548,4.6181786
Hainaut,50.0028518,4.1590189
Liège,50.5775826,5.832802
Brussels Capital Region,50.883096,4.3438138
Luxembourg,50.3380719,5.5119412
Liège,50.5862697,5.36015354
Limburg,50.9272,5.326584
Namur,49.98778,4.85083
Antwerp,51.2254954,4.406418
Brussels Capital Region,50.8336222,4.3232623
Hainaut,50.5503239,3.4596501
Antwerp,51.1031634,4.2694163
Luxembourg,49.96786535,5.5807774
Hainaut,50.4688896,4.4322027
Hainaut,50.4167858,4.44947849
Flemish Brabant,50.7360287,4.1360863
Limburg,50.7438,5.18529
Antwerp,51.0969,4.756675
Limburg,51.076631,5.226411
Liège,50.5906641,5.8934477
East Flanders,51.1699,4.169942
East Flanders,50.7719416,3.8802845
Liège,50.58150515,5.8519191500000005
West Flanders,51.1202347,2.9223328
Namur,50.4833333,5.0833333
Namur,50.34309,5.05774
East Flanders,51.0706855,4.0374775
Luxembourg,50.2124,5.35045
Antwerp,51.2282564,4.3831054
Antwerp,51.30029,4.676566
Flemish Brabant,50.7529396,3.9709758
West Flanders,51.1182205,2.632
Brussels Capital Region,50.8957934,4.3931186
Luxembourg,49.6812809,5.8094931
Limburg,51.0156926,5.2906971
Limburg,50.86872,5.510166
Luxembourg,49.7839773,5.4830842
Brussels Capital Region,50.8424962,4.3425808
Antwerp,51.25679,4.580914
Namur,50.2608766,4.8883306
East Flanders,51.0587107,4.0156762
Liège,50.6241048,5.5543167
Namur,50.20486,4.84518
Hainaut,50.4427249,4.4370311
Brussels Capital Region,50.87417151,4.31845221
Antwerp,51.0378424,4.3503305
Luxembourg,50.1457074,5.9245645
Hainaut,50.0844529,4.2660214
Limburg,50.948428,5.118267
Limburg,50.93005,5.345671
Antwerp,51.18708,4.376017
Luxembourg,50.1621983,5.414308
Walloon Brabant,50.71469,4.3991
West Flanders,51.145517,2.7121721
Walloon Brabant,50.69054,4.2026
Liège,50.7221784,5.5699754
Brussels Capital Region,50.8280783,4.3747084
East Flanders,50.7405457,3.5989246
Limburg,51.0895789,5.7921137
Liège,50.5170048,5.6384468
Hainaut,50.6250532,3.3037827
Hainaut,50.36841,3.73608
Namur,50.2340362,4.9169434
Limburg,50.85701,5.267129
East Flanders,50.7423724,3.5947092
West Flanders,51.1324718,2.6735039
Liège,50.5350365,5.5684225
Luxembourg,49.8926933,5.1706453
Antwerp,51.2660552,4.4671465
Antwerp,51.15781,4.517366
Liège,50.6601934,5.9535348
Limburg,50.7847878,5.4689682
East Flanders,51.2587508,4.2768115
East Flanders,50.7505049,3.6104485
Namur,50.2697756,4.8960131
Liège,50.6360303,5.1151085
Luxembourg,49.636656,5.796855
Liège,50.6643675,5.1872565
Luxembourg,50.2272854,5.3436419
Luxembourg,50.2280456,5.3457296
East Flanders,51.1387922,3.4125644
East Flanders,50.7728986,3.8809091
West Flanders,51.1372558,2.7611864
Antwerp,51.0980628,4.5051426
Antwerp,51.0037609,4.5902677
Brussels Capital Region,50.8903706,4.3835743
Hainaut,50.59773265,3.62360556
Liège,50.6216873,5.457862
Liège,50.6024841,5.5388358
Brussels Capital Region,50.84043,4.3416586
Walloon Brabant,50.6640535,4.5530533
Hainaut,49.9941794,4.3164054
Luxembourg,49.9647757,5.1785772
Antwerp,51.07706,4.785583
Brussels Capital Region,50.874464,4.399615
East Flanders,51.2542746,4.18360183
Hainaut,50.4824696,3.6459245
Namur,50.44001,5.22094
Limburg,51.1250996,5.3700226
Liège,50.61792,6.03719
Brussels Capital Region,50.8499751,4.4164405
Liège,50.4200416,6.0220312
Namur,50.4560891,4.6616899
Namur,50.0666,4.412549
Namur,50.44321425,5.30115789
Namur,50.4260307,4.9509671
West Flanders,51.1698396,2.7780805
Limburg,50.99699,5.532286
Antwerp,51.29658,4.498079
Hainaut,50.6947227,4.0418874
Flemish Brabant,50.99390857,4.32626152
East Flanders,50.86542,3.814718
Namur,50.4260307,4.9509671
Antwerp,51.23245,4.450105
Liège,50.6740212,5.6280778
Hainaut,50.699374,3.3314663
Namur,50.21393,4.82117
Namur,50.10856,4.95774
Antwerp,51.1994989,4.4860604
Hainaut,50.505991,3.3863852
Hainaut,50.4724513,4.109306
Brussels Capital Region,50.819944,4.402185
Namur,50.5022285,4.8821512
Antwerp,51.107895,4.3854092
Antwerp,51.3222467,4.3745557
Antwerp,51.09185,4.498738
Brussels Capital Region,50.8743736,4.4129154
Antwerp,51.1938042,4.5377655
West Flanders,51.2042803,3.3091245
Liège,50.6433823,5.5842944
Antwerp,51.12929,4.58071
East Flanders,51.05043,3.72887
Walloon Brabant,50.7397945,4.4888103
Antwerp,51.24247,4.8230900000000005
Antwerp,51.0228279,4.64472
Liège,50.6337009,5.538194
Brussels Capital Region,50.889651,4.3821923
Hainaut,50.3382108,4.292033
Luxembourg,49.6291955,5.7092181
Namur,50.4885413,5.0974732
Liège,50.53635075,5.58231234
Hainaut,50.3373282,4.5277925
Luxembourg,49.6852419,5.8252212
Namur,50.46795,4.872263
Liège,50.6513863,5.428845
Brussels Capital Region,50.8235717,4.3766927
East Flanders,51.0785925,3.7011733
Hainaut,50.4219636,3.8449946
East Flanders,50.89282,3.8581
Hainaut,50.4336915,3.8889901
West Flanders,51.316504,3.1299958
Luxembourg,49.7980275,5.0079063
East Flanders,50.9658713,3.9773269
Namur,50.0947687,4.5218479
Namur,50.2340362,4.9169434
Flemish Brabant,50.99390857,4.32626152
West Flanders,51.000819,3.3255983
West Flanders,51.1057264,2.7036541
Brussels Capital Region,50.8267674,4.3069154
Hainaut,50.45313,4.19126
Luxembourg,50.285,5.90528
Antwerp,51.2104665,4.3282344
Luxembourg,50.350935,5.40369747
Luxembourg,50.1811501,5.6710848
West Flanders,51.3548153,3.3019551
Liège,50.6331844,5.5768183
Antwerp,51.31978,4.773687
Namur,50.58374,4.77469
Namur,50.5350083,4.7837744
Liège,50.7398599,5.0292983
West Flanders,51.119258,2.6362764
Brussels Capital Region,50.8622507,4.3155448
Limburg,50.98249744,5.29552639
Namur,50.21285,4.8304
Limburg,51.0197869,5.7428896
Brussels Capital Region,50.8745135,4.3504292
Antwerp,51.01432,4.486377
Liège,50.6326664,5.5181158
Hainaut,50.6056059,3.3880367
Flemish Brabant,50.9828629,4.8714186
Antwerp,51.09893,4.994894
East Flanders,51.0315098,3.7645417
Namur,50.4143728,4.8877835
Brussels Capital Region,50.8951352,4.3833141
Brussels Capital Region,50.8747904,4.30136
Liège,50.6430413,5.650311
Luxembourg,49.9189364,5.3764608
Liège,50.5344081,5.53462199
Liège,50.5805176,5.5076822
Namur,50.0519243,4.4960055
Brussels Capital Region,50.8,4.3333333
Brussels Capital Region,50.8,4.3333333
West Flanders,51.1494267,2.7231198
Liège,50.6323637,5.7321751
East Flanders,51.10029,3.76345
Walloon Brabant,50.665465,4.5669046
Hainaut,50.6281898,3.7751441
Hainaut,50.5496049,3.9057417
Walloon Brabant,50.6435137,4.3208597
Flemish Brabant,50.9862063,4.5216551
Hainaut,50.3123667,4.1227345
Antwerp,51.339,4.757061
West Flanders,51.3144035,3.126071
Flemish Brabant,51.04416,4.965042
Antwerp,51.06998,4.354513
Limburg,51.0577236,5.373301
Namur,50.2956773,5.1008307
Namur,50.16347,4.83208
Luxembourg,49.6833333,5.8166667
East Flanders,51.1915512,4.1378635
West Flanders,51.1190622,2.6320065
Brussels Capital Region,50.8243985,4.4022007
Walloon Brabant,50.44841,4.24101365
Hainaut,50.3772946,4.4662219
Namur,50.1899702,4.8292652
Liège,50.7213247,5.624565
Liège,50.5186775,5.2396514
Namur,50.4603522,4.8563336
Brussels Capital Region,50.8462088,4.3499384
Brussels Capital Region,50.874902,4.3384109
East Flanders,50.9390677,3.7829491
Hainaut,50.421321,3.8445813
Antwerp,51.2282564,4.3831054
Hainaut,50.6755806,3.2758222
Brussels Capital Region,50.8425901,4.3005624000000005
Hainaut,50.3062818,4.101783
Antwerp,51.31544,4.952878
Hainaut,50.7459126,3.219272
Liège,50.5467976,5.3191439
West Flanders,51.2329123,2.942097
Liège,50.6464663,5.6034511
Hainaut,50.589481,3.4220483
Limburg,51.0524394,5.7401187
Limburg,50.820758,5.174945
Antwerp,51.26519,4.783281
Limburg,51.1113806,5.2491004
Namur,50.4678329,4.871125
Antwerp,51.07024,4.531277
Hainaut,50.4545495,4.4736703
Luxembourg,50.2348339,5.5081521
Liège,50.6132698,5.9982757
Liège,50.632593,5.4773064
Limburg,50.8182541,5.1872366
Limburg,51.1747723,5.5750394
West Flanders,50.9506002,3.119954
Brussels Capital Region,50.85975588,4.33414153
Liège,50.6857793,5.37596172
Antwerp,51.3016438,4.7935288
West Flanders,51.3123743,3.1327685
Liège,50.651672,6.051489
Hainaut,50.5118048,4.40070004
Brussels Capital Region,50.865341,4.295748
Brussels Capital Region,50.8,4.3333333
Liège,50.6956598,5.0384078
Flemish Brabant,50.9716513,4.1792786
West Flanders,50.8955263,3.3352217
Hainaut,50.4123474,4.4352289
Brussels Capital Region,50.8362141,4.3638071
Antwerp,51.1889075,4.3722556
Hainaut,50.7121072,3.4574913
Hainaut,50.3781647,4.4604107
Brussels Capital Region,50.835947,4.3013959
Luxembourg,50.1783956,5.5765001
Hainaut,50.3528183,4.4127538
Hainaut,50.4025947,3.7522644
Namur,50.4143728,4.8877835
Luxembourg,49.5822079,5.8198043
Hainaut,50.4240349,4.4785997
Flemish Brabant,50.8655569,4.5144641
Hainaut,50.5777389,4.0573135
Luxembourg,50.1109477,5.3664669
Brussels Capital Region,50.8311549,4.3967677
Luxembourg,49.9184911,5.3774819
Antwerp,51.0201317,4.5539702
Antwerp,51.22667,4.457879
Namur,50.4833333,5.0833333
Walloon Brabant,50.6678804,4.3459854
Antwerp,51.20588,4.425571
West Flanders,50.815474,3.2718398
Hainaut,50.4384467,3.9095092
Brussels Capital Region,50.8561389,4.3062012
Flemish Brabant,50.9331257,4.5423575
Liège,50.5085466,5.4925965
Antwerp,51.2078603,4.4024077
Liège,50.42393044,5.56702112
Hainaut,50.16875995,4.3199931
Walloon Brabant,50.72145115,4.61054405
Namur,50.49162045,5.09613941
Hainaut,50.5348826,4.4220007
Luxembourg,50.3323893,5.4915506
Namur,50.4678694,4.8708011
Hainaut,50.3903126,3.8751325
Limburg,51.0447,5.277155
Namur,50.4145401,5.1673861
Hainaut,50.6827667,3.5610313
Liège,50.7367948,5.0437373
West Flanders,51.1002085,2.5925151
Luxembourg,50.2227146,5.3413263
Brussels Capital Region,50.8478856,4.34453
Flemish Brabant,50.781449,4.3153914
East Flanders,51.1991828,4.0457377
East Flanders,51.0089897,3.6014787
Namur,50.1811798,4.7597536
Namur,50.2340362,4.9169434
West Flanders,51.3131378,3.1365804
Liège,50.3723364,5.8721924
Brussels Capital Region,50.8623449,4.3602234
Limburg,50.8479,5.548886
Namur,50.3,4.8666667
Hainaut,50.4801645,4.18479254
East Flanders,50.9099809,3.9775696
Luxembourg,50.053575,5.737952
Liège,50.6209143,5.576732
Liège,50.4241553,6.1948944
Hainaut,50.4,4.2666667
East Flanders,50.9058963,3.7167363
Liège,50.6432735,5.5800889
Antwerp,51.07185,4.573826
Limburg,50.8192809,5.1915488
Liège,50.5482792,5.3096648
Namur,50.257022,4.9150122
Luxembourg,49.6835832,5.7982193
Namur,50.1629344,5.2161348
Brussels Capital Region,50.901036,4.358329
Limburg,50.7750778,5.2522037
Antwerp,51.04375,4.501882
Liège,50.6428264,5.5557739
Namur,50.4630907,4.6786862
Liège,50.6195983,5.6031434
Liège,50.5897049,5.5704105
Brussels Capital Region,50.8601639,4.3193813
Brussels Capital Region,50.8563315,4.4194752
Liège,50.364465,5.86094
East Flanders,50.8299664,3.6786603
Limburg,50.7576835,5.5027813
Liège,50.6236004,5.6530873
Liège,50.6699406,5.690456
West Flanders,51.1839588,2.8189102
Namur,50.1508911,4.9103554
Hainaut,50.3863035,3.941459
Namur,50.12322,4.9891000000000005
Liège,50.5961819,5.5271788
Hainaut,50.5777389,4.0573135
Limburg,51.0697497,5.1227669
East Flanders,50.7496955,3.9083696
Brussels Capital Region,50.8643722,4.2983617
Liège,50.51084,5.39748
Brussels Capital Region,50.8329827,4.3650109
Liège,50.66484,5.500926
Namur,50.1511238,4.914895
West Flanders,50.8847618,3.2316756
Luxembourg,49.8414036,5.4329256
Luxembourg,49.9235613,5.2837924
Limburg,50.9152535,5.5990338
Liège,50.6234083,5.0443429
Limburg,51.0945879,5.7883822
Liège,50.5412412,5.2781684
Limburg,50.932735,5.577468
Brussels Capital Region,50.8238001,4.4111829
Antwerp,51.30699,4.454944
Luxembourg,50.2657779,5.9043586
Namur,50.2340362,4.9169434
Antwerp,51.1208918,4.5911588
Luxembourg,49.7002104,5.74726614
West Flanders,50.8166667,3.4270111
East Flanders,51.0028673,3.8896461
West Flanders,51.3114407,3.1305162
West Flanders,50.787261,3.2449981
Namur,50.30095,5.35684
Namur,50.1710089,5.2110426
West Flanders,50.8123795,3.2775806
Namur,50.32627,5.31803
Namur,50.3382143,5.0501597
Limburg,51.0220564,5.3768992
Luxembourg,50.1670102,5.41552
Luxembourg,50.0834091,5.2207915
Liège,50.6217321,5.4812047
Liège,50.4709385,5.6766217
Flemish Brabant,51.0165618,4.3348679
Namur,50.00759,4.488241
Flemish Brabant,50.95399,4.361553
West Flanders,51.1612072,2.765202
Liège,50.4628181,5.7291789
Liège,50.6535547,5.5597271
Hainaut,50.4054651,4.2731176
Brussels Capital Region,50.8624284,4.4158902
Antwerp,51.16497,4.421175
East Flanders,50.8042349,3.9143623
Hainaut,50.4844724,4.2426291
Hainaut,50.738441,3.2337149
Brussels Capital Region,50.8261477,4.2851365
Limburg,51.0196,5.30505
Luxembourg,50.3515214,5.5015303
Hainaut,50.5045991,4.1469819
Luxembourg,49.9731628,5.1858476
Antwerp,51.24662,4.447482
Brussels Capital Region,50.7943377,4.3547929
Namur,50.4719827,4.9935846
Antwerp,51.0809918,4.5116291
Hainaut,50.1922938,4.3535466
Flemish Brabant,50.9824241,4.563713
Hainaut,50.5317621,3.7256357
Liège,50.61743505,5.55217493
Brussels Capital Region,50.8058152,4.3321058
Brussels Capital Region,50.8275874,4.3067198
West Flanders,50.9497187,3.0812284
Liège,50.3542165,6.1694635
West Flanders,50.8280374,3.2573169
Walloon Brabant,50.7397945,4.4888103
Limburg,51.08401,5.209618
Luxembourg,50.2657895,5.5655844
Brussels Capital Region,50.865341,4.295748
Liège,50.6394182,5.5694586
Luxembourg,49.6860009,5.82025978
Luxembourg,49.7178441,5.6349876
Luxembourg,49.5874975,5.81699053
Luxembourg,49.9788602,5.0884987
East Flanders,50.7832553,3.8342291
Liège,50.5975446,5.5396153
Liège,50.6566709,5.6133538
West Flanders,50.9203613,3.2051449
East Flanders,50.95536186,4.05800206
Brussels Capital Region,50.8916214,4.3321539
Liège,50.671566,5.6590618
Limburg,51.2062084,5.4168909
Brussels Capital Region,50.8378808,4.3843738
Luxembourg,49.5817056,5.5880790000000005
Brussels Capital Region,50.8621347,4.3332023
Walloon Brabant,50.6422504,4.5680813
Flemish Brabant,50.9990736,4.446742
Walloon Brabant,50.6387737,4.8589908
Antwerp,51.22022,4.430054
Hainaut,50.7459126,3.219272
Hainaut,50.6056059,3.3880367
Namur,50.32579,4.87505
Brussels Capital Region,50.8995996,4.3544114
Antwerp,51.18368,4.357483
Liège,50.5910337,5.8655774
West Flanders,50.8070204,3.4187406
Namur,50.5854482,4.9096954
West Flanders,51.12928,2.75001
Walloon Brabant,50.704752,4.6502871
Brussels Capital Region,50.8559045,4.3890504
Brussels Capital Region,50.8379721,4.3208008
Brussels Capital Region,50.82724845,4.28401288
Brussels Capital Region,50.8365808,4.308187
Liège,50.665333,5.3994597
Brussels Capital Region,50.8507981,4.3652029
Antwerp,51.32133,4.856328
Liège,50.6493085,5.5513133
Hainaut,50.0844529,4.2660214
East Flanders,50.8564024,3.8882676
Luxembourg,50.0250471,5.5056845
Hainaut,50.6229047,3.3471214
Flemish Brabant,50.9356235,4.3785596
Namur,50.4833333,5.0833333
Hainaut,50.4758851,4.162093
Hainaut,50.42644,4.52885
Hainaut,50.4870323,4.5588769
Brussels Capital Region,50.8246825,4.3576617
West Flanders,50.7896003,3.1245863
Liège,50.6274328,5.7197171
Hainaut,50.7459126,3.219272
Hainaut,50.7062467,3.5973713
East Flanders,50.88108,3.82162
Namur,50.32924,4.90915
East Flanders,51.17072673,4.1279596
Limburg,50.8278982,5.1711037
Brussels Capital Region,50.8500317,4.3070605
Antwerp,51.0980628,4.5051426
Hainaut,50.5375083,4.3665135
Luxembourg,49.6139655,5.6562923
West Flanders,51.1053908,2.6500795
Hainaut,50.6056059,3.3880367
West Flanders,50.9387847,3.1451697
West Flanders,50.888727,3.421683
Liège,50.69757,5.25553
Limburg,51.0395101,5.17210129
Liège,50.3716291,6.0516584
Hainaut,50.6490683,3.7168499
Antwerp,51.15537,4.899338
Namur,50.59948,4.83819
Hainaut,50.419675,4.4316414
Antwerp,51.13869,4.758826
Liège,50.5849541,5.6054337
Luxembourg,49.6579686,5.8214579
Antwerp,51.18507,4.935103
Hainaut,50.39394619,4.53316727
Brussels Capital Region,50.78841,4.36903
Brussels Capital Region,50.8502965,4.3875245
Liège,50.6457599,5.9703481
Brussels Capital Region,50.827807,4.3324987
West Flanders,50.8895495,3.0404425
West Flanders,50.8862682,3.2906963
West Flanders,51.116812,2.6355826
Brussels Capital Region,50.8771714,4.3319841
Hainaut,50.4057156,3.8966679
Limburg,51.1001813,5.1882176
Liège,50.42458,6.20114
Antwerp,51.32008,4.981071
Brussels Capital Region,50.8365808,4.308187
West Flanders,51.1230973,2.6409844
Namur,50.2956773,5.1008307
Liège,50.5458418,5.8068118
Hainaut,50.4055556,3.8747222
Namur,50.4674593,4.8718068
Liège,50.7154406,6.0330437
Luxembourg,50.175394,5.5911111
Brussels Capital Region,50.877,4.3801
Luxembourg,50.2517425,5.8711513
Antwerp,51.1826654,4.3710732
Liège,50.603782,5.4970339
Flemish Brabant,50.9345429,4.4308335
Hainaut,50.37943,4.03584
Liège,50.6567219,5.6139694
Antwerp,51.25141,4.887509
Namur,50.4662022,4.8419319
Liège,50.511565,5.6460921
Liège,50.4819039,5.7809635
Liège,50.4909158,5.8647262
Brussels Capital Region,50.8728673,4.3024071
Antwerp,51.0934136,4.83049131
Liège,50.6346338,5.7339005
East Flanders,51.25653,4.095265
Flemish Brabant,50.92268,4.336586
Hainaut,50.4542639,4.47229297
West Flanders,51.2068128,3.2288311
Hainaut,50.763302,3.7305139
Liège,50.610608,5.664504
Hainaut,50.7459126,3.219272
Luxembourg,49.8097784,5.005968
Liège,50.42458,6.20114
Flemish Brabant,50.7344625,4.341799
West Flanders,51.1448633,2.7330139
East Flanders,51.0595241,3.8418595
Antwerp,51.1804579,4.5224396
Hainaut,50.7281602,3.3048918
Hainaut,50.43549,4.4867176
Antwerp,51.38741,4.450069
Hainaut,50.35474262,4.4972811
Flemish Brabant,50.8246663,4.6841687
Liège,50.7091323,5.6784669
East Flanders,50.9719735,3.9781632
Antwerp,51.2282568,4.5400715
Namur,49.9515623,4.4542762
Liège,50.69875,5.21265
East Flanders,50.7687418,3.8592321
Hainaut,50.7459126,3.219272
Walloon Brabant,50.6401663,4.77603
Liège,50.6381071,5.6009679
Antwerp,51.182269,4.3819435
Brussels Capital Region,50.8546957,4.3456236
Antwerp,51.1822502,4.3782118
Hainaut,50.4465304,3.9426879
Liège,50.6053704,5.622597
Brussels Capital Region,50.83536,4.34443
West Flanders,51.1705183,2.7804899
Limburg,51.1913215,5.3966251
Namur,50.2340362,4.9169434
Hainaut,50.7459126,3.219272
Hainaut,50.6548281,3.4040353
Namur,50.4630907,4.6786862
Antwerp,51.2115144,4.4268205
Limburg,50.77792271,5.47220255
Limburg,51.0943539,5.7875237
Brussels Capital Region,50.823559,4.333095
East Flanders,50.7471411,3.6028256
Brussels Capital Region,50.891735,4.3331355
Antwerp,51.0333761,4.4581464
Namur,49.9843009,4.9444305
Limburg,50.9679,5.371518
Flemish Brabant,50.78275,4.2904703
Luxembourg,49.6850797,5.41804
Brussels Capital Region,50.8342367,4.3884667
Hainaut,50.4195816,4.4807406
East Flanders,51.09942,4.141174
Flemish Brabant,50.7610106,4.522735
Brussels Capital Region,50.8427501,4.3515499
Hainaut,50.5997541,3.3729914
West Flanders,50.8733903,3.4510248
Namur,50.1239107,4.4935308
Hainaut,50.4166487,4.376359
Liège,50.7369162,5.6958538
Liège,50.5437094,5.2292733
East Flanders,51.0308552,3.7674868
Luxembourg,50.3515619,5.46290195
Brussels Capital Region,50.7978025,4.3408563
Brussels Capital Region,50.8564753,4.3895564
Liège,50.6868976,5.1245075
Hainaut,50.4332548,4.4042696
West Flanders,50.8977863,3.4048433
Antwerp,51.22617,4.480849
Antwerp,51.17973,4.851437
Hainaut,50.7459126,3.219272
West Flanders,51.1999799,2.9775162
Liège,50.6485937,5.5526278
Namur,50.2956773,5.1008307
Namur,50.46563615,5.17463415
West Flanders,51.1030841,2.5944901
East Flanders,51.07003,4.034244
East Flanders,50.987896,3.5392022
West Flanders,50.8511467,3.2856966
Brussels Capital Region,50.8528228,4.427872
Liège,50.4302829,6.040164
Brussels Capital Region,50.8189885,4.3578098
Hainaut,50.5016134,3.5920546
West Flanders,50.8162931,2.6775179
Antwerp,51.0626816,4.1931424
Hainaut,50.4666641,4.2259418
Flemish Brabant,50.9871524,4.4234031
East Flanders,51.0503438,3.7178575
Hainaut,50.722568,3.2326156
Brussels Capital Region,50.87106505,4.30217783
Brussels Capital Region,50.8431665,4.4270645
Brussels Capital Region,50.82768,4.37178
Hainaut,50.4775101,4.2395665
East Flanders,50.9841975,3.5635998
West Flanders,51.1072069,2.6116655
West Flanders,51.1153091,2.772014
West Flanders,50.9386115,3.1210212
Luxembourg,50.2141877,5.3598756
West Flanders,51.1870423,2.8170853
Antwerp,51.28107,4.416378
West Flanders,51.1187139,2.6312703
Hainaut,50.435806,3.8637454
Brussels Capital Region,50.8719618,4.3899398
East Flanders,50.8745191,3.6969658
West Flanders,50.9061588,3.2240967
Namur,50.2518574,4.9179325
Liège,50.598072,5.534588
Walloon Brabant,50.710066,4.5313636
Brussels Capital Region,50.800919,4.414715
West Flanders,51.1081614,2.621951
Walloon Brabant,50.6723609,4.9792621
Namur,50.19197,4.84295
Liège,50.4535815,5.5809649
Liège,50.6432735,5.5800889
Namur,50.3537987,4.64788186
Antwerp,51.164768,4.989791
Hainaut,50.408662,3.8593943
Limburg,50.8997517,5.2681009
Antwerp,51.0583259,4.3671457
Hainaut,50.6056059,3.3880367
Limburg,51.1318985,5.3717872
Namur,50.33704,5.36734
Liège,50.7385686,5.6931867
Brussels Capital Region,50.8427501,4.3515499
Liège,50.5716568,5.8597932
Hainaut,50.5797661,4.0706803
Limburg,50.8221863,5.1939801
West Flanders,50.9177952,3.3169487
Antwerp,51.17245,4.446859
Liège,50.6038459,5.6652778
West Flanders,50.8161206,3.0744045
Brussels Capital Region,50.8,4.3333333
Brussels Capital Region,50.8773694,4.4038073
Brussels Capital Region,50.86042508,4.28326699
Namur,50.3088994,5.3721404
West Flanders,51.1053908,2.6500795
Brussels Capital Region,50.8106337,4.4387297
Hainaut,50.6216571,3.3498105
Walloon Brabant,50.69054,4.2026
Antwerp,51.20931,4.412877
Luxembourg,49.7864495,5.6279986
Luxembourg,49.5607989,5.794968
Liège,50.5565455,5.2446359
Hainaut,50.5069661,3.6983646
Hainaut,50.7288571,3.3134357
West Flanders,50.8260216,3.2711878
Antwerp,51.0789144,4.330757
Hainaut,50.7340811,3.6784533
Hainaut,50.7459126,3.219272
Luxembourg,50.34524468,5.42580533
Liège,50.4218164,5.3604732
Liège,50.3612154,6.0483498
Brussels Capital Region,50.8274539,4.3762325
Brussels Capital Region,50.8043298,4.358187
Namur,50.034617,4.4263751
Liège,50.5152203,5.8137493
Brussels Capital Region,50.8539388,4.3687239
Hainaut,50.1352333,4.34328021
Liège,50.5236037,5.9678171
Namur,50.2991028,5.3746071
Liège,50.529673,5.59092
East Flanders,50.7693613,3.8534574
East Flanders,50.9991321,3.8821286
Namur,50.3453749,5.0922322
Hainaut,50.6335009,3.7882733
Namur,50.2956773,5.1008307
West Flanders,51.3472023,3.2853196
Flemish Brabant,50.7552567,4.6241612
Liège,50.7320466,5.6315734
Antwerp,51.09175,4.355978
Namur,50.3204142,4.912835
Luxembourg,49.6119564,5.6566551
Antwerp,51.4163747,4.7561967
Liège,50.6569472,5.6252884
Hainaut,50.6406697,3.4190432
Hainaut,50.50293,4.10873
Luxembourg,50.37569346,5.52567249
Antwerp,51.0565601,4.6612073
Brussels Capital Region,50.8245733,4.3858253
Brussels Capital Region,50.8776808,4.3841357
Antwerp,51.18957,5.07996
Liège,50.5146483,5.2364735
Brussels Capital Region,50.8246735,4.2972803
Limburg,51.0279669,5.3602265
Antwerp,51.3897291,4.6023126
Antwerp,51.05617,4.357999
Namur,50.16573,4.79594
Liège,50.51370426,5.25842971
Luxembourg,50.2198134,5.348811
East Flanders,51.21582,4.0572
East Flanders,51.0407771,3.9205417
Brussels Capital Region,50.896342,4.3582163
Brussels Capital Region,50.8456194,4.4113972
Antwerp,51.23357,4.469621
Liège,50.60335869,5.71860359
Limburg,51.1913215,5.3966251
Liège,50.4122859,5.3635593
Antwerp,51.2335,4.460882
Luxembourg,49.5792831,5.8497214
Flemish Brabant,50.7301567,4.2994122
Hainaut,50.5971918,3.6241539
Namur,50.2230794,5.1217844
Flemish Brabant,50.8976668,4.4346964
Hainaut,50.7459126,3.219272
Hainaut,50.4509478,3.9552636
Liège,50.5663392,5.3041736
East Flanders,51.0498419,3.7237048
West Flanders,50.8902395,3.0651875
Namur,50.3327097,4.9174706
Liège,50.6009182,5.5102728
Hainaut,50.5060252,3.8879936
East Flanders,51.0509028,3.6602164
Namur,50.32233,5.00575
Liège,50.3849149,5.6835006
East Flanders,51.16475,4.247023
Liège,50.7370048,5.7573231
Hainaut,50.6669867,3.7333883
Brussels Capital Region,50.8,4.3333333
West Flanders,51.2598527,2.9953032
Antwerp,51.09082,4.84038
Namur,50.51048,4.67263
Limburg,50.7692067,5.5151337
Antwerp,51.22644,4.416985
East Flanders,51.080198,3.8775047
Namur,50.1742338,5.1364018
East Flanders,50.95084,4.042308
Liège,50.5693276,5.8683918
Namur,50.39859,4.65956
Liège,50.7362412,5.6959518
East Flanders,50.7717313,3.8579889
Limburg,50.9599902,5.437308
Flemish Brabant,50.96118094,4.61137188
Namur,50.4185928,4.9239001
Flemish Brabant,50.90934,4.299982
East Flanders,50.93286,4.04783
Limburg,50.9264,5.551846
Flemish Brabant,50.8363587,4.2564648
Limburg,50.94034,5.32598
Namur,50.092667,4.6708276
Hainaut,50.1666667,4.1666667
Brussels Capital Region,50.874464,4.399615
Namur,50.59525,4.67689
West Flanders,51.1442182,2.7317418
Antwerp,51.04441,4.33026
Hainaut,50.5344701,3.6517161
Limburg,50.8989159,5.2852876
Hainaut,50.4431648,4.4259006
Luxembourg,50.3226044,5.5713612
East Flanders,51.0818597,3.6729938
Liège,50.7130513,6.064957
Liège,50.688196,5.4510802
East Flanders,51.0299286,4.1033988
Brussels Capital Region,50.842365,4.423892
Hainaut,50.4240684,4.4862301
Liège,50.5913365,5.8634654
Walloon Brabant,50.5856407,4.3105052
East Flanders,50.955752,3.7796401
East Flanders,50.9026013,4.0141403
Brussels Capital Region,50.8140475,4.3491795
Liège,50.632113,5.7131226
Liège,50.6686427,5.6983502
West Flanders,50.9098666,3.391071
Antwerp,51.2204794,4.4104334
Antwerp,51.2273089,4.4175657
Liège,50.6312869,5.6053494
Luxembourg,50.2843404,5.9173138
Liège,50.577504,5.504723
Brussels Capital Region,50.8681116,4.3908084
Luxembourg,49.6697142,5.6647584
Hainaut,50.685248,3.5724713
Limburg,50.8071268,5.1815349
Brussels Capital Region,50.8201621,4.362727
Liège,50.6722894,5.6642988
Hainaut,50.58711835,3.68554385
Namur,50.4674593,4.8718068
West Flanders,50.84123,3.467814
Brussels Capital Region,50.8283705,4.3393771
Liège,50.444091,5.6757997
Limburg,50.8159733,5.1776158
Hainaut,50.4014126,4.4464262
Flemish Brabant,50.73516,4.40521
Hainaut,50.6117308,3.3886591
Liège,50.6229053,5.49156
Antwerp,51.1705429,4.3936666
Hainaut,50.6078201,3.3824401
Liège,50.6143036,5.8423406
Luxembourg,50.3534287,5.4773359
Antwerp,51.211041,5.1716104
Brussels Capital Region,50.8349654,4.3722314
Brussels Capital Region,50.87551,4.34811
Brussels Capital Region,50.8764213,4.3562222
Liège,50.716221,6.029355
Hainaut,50.5172233,3.6824673
Antwerp,51.03606,4.471417
Brussels Capital Region,50.8,4.3166667
Liège,50.62628,5.7183027
Brussels Capital Region,50.8347983,4.3692313
Liège,50.2314042,6.0336362
Flemish Brabant,50.78545,4.29457
Brussels Capital Region,50.84856,4.345348
Luxembourg,50.1680954,5.2773101
West Flanders,50.7826441,3.410366
Brussels Capital Region,50.8795592,4.3198955
West Flanders,50.7756618,3.4381187
East Flanders,50.8042431,3.9143656
Brussels Capital Region,50.8103165,4.3415279
Hainaut,50.509373,4.2003823
East Flanders,51.1075935,3.6285575
East Flanders,50.9399526,4.1385205
Liège,50.5892888,5.8631694
Hainaut,50.6947227,4.0418874
Liège,50.6342479,5.576456
East Flanders,51.1007411,3.8367853
Liège,50.5582558,5.6528583
Hainaut,50.3922481,4.4436699
Liège,50.71255,6.07999
Liège,50.52307,5.4349114
Brussels Capital Region,50.85932915,4.31933093
Brussels Capital Region,50.87167,4.39053
Brussels Capital Region,50.824696,4.343688
Brussels Capital Region,50.8491362,4.3997374
West Flanders,51.0951155,2.9677103
Namur,50.43289882,5.12511141
Namur,50.3204142,4.912835
West Flanders,51.095941,3.2065193
Luxembourg,50.2527951,5.7875607
Luxembourg,49.88243758,5.54994244
Antwerp,51.19326,5.207632
Namur,50.4833333,5.0833333
Luxembourg,50.3648589,5.4391541
Antwerp,51.034224,4.501161
Luxembourg,50.0260067,5.3727272
Luxembourg,49.5792831,5.8497214
Limburg,50.95955,5.681818
Brussels Capital Region,50.8382243,4.3474045
Antwerp,51.23168,4.42771
Antwerp,51.0307995,4.6360281
West Flanders,51.353982,3.292118
Luxembourg,50.3492468,5.5355336
Antwerp,51.18386,4.378837
Namur,50.4679078,4.8706845
Hainaut,50.1481652,4.3606325
West Flanders,51.3151647,3.1237396
Brussels Capital Region,50.8912445,4.3136616
Liège,50.7138554,5.6486918
West Flanders,50.7283802,3.3302834
West Flanders,51.0957898,2.5916317
Antwerp,51.0174061,4.57086
Namur,50.1871514,4.61333522
Walloon Brabant,50.66758155,4.56934644
Namur,50.4775566,4.7480974
Brussels Capital Region,50.85684,4.3454506
Namur,50.4141383,4.8499507
Walloon Brabant,50.56504,4.2520389
Liège,50.4057704,6.1397971
Antwerp,51.4533888,5.0495838
Hainaut,50.5001181,3.5932739
West Flanders,50.9195433,3.3346163
Liège,50.3604327,5.9442565
West Flanders,51.25,3.15
East Flanders,50.7611105,3.8835959
Brussels Capital Region,50.86145,4.373305
East Flanders,50.987576,4.044056
West Flanders,50.8080181,3.1806361
West Flanders,51.07305,2.602009
Hainaut,50.3539,4.26795
Hainaut,50.1505083,4.3449484
Antwerp,51.12855,4.56109
Namur,50.28756891,5.34000633
Brussels Capital Region,50.8709076,4.3189699
Liège,50.6609518,5.5844953
East Flanders,51.0653226,3.992688
Walloon Brabant,50.6209179,4.5424602
Hainaut,50.4157265,4.449213
Hainaut,50.2588492,4.1565524
Liège,50.6161552,5.5491551
East Flanders,51.1895544,3.5572272
West Flanders,51.0613647,3.1018328
Hainaut,50.22101345,4.83094135
Antwerp,51.18368,4.43868
West Flanders,51.213,2.8740808
Hainaut,50.7459126,3.219272
Luxembourg,49.5679589,5.82450893
Brussels Capital Region,50.8622566,4.3606731
West Flanders,50.8518086,3.204752
Hainaut,50.6642045,3.6557135
West Flanders,51.3357885,3.2383854
East Flanders,50.7725817,3.8800554
Brussels Capital Region,50.8,4.3333333
West Flanders,51.0015355,3.3223148
Brussels Capital Region,50.8125645,4.3339615
Liège,50.5082931,5.4220412
Walloon Brabant,50.6348554,4.6107385
Limburg,50.8154699,5.1820363
Luxembourg,49.85544,5.45288
West Flanders,51.1144268,2.6195263
Limburg,51.02571,5.316141
Brussels Capital Region,50.8371331,4.3197603
Antwerp,51.1862113,4.3920494
West Flanders,51.2544402,2.9835287
East Flanders,50.9102636,3.4554764
Brussels Capital Region,50.8374244,4.3932333
Liège,50.5576412,5.3626053
Hainaut,50.5606,4.1724
Liège,50.37826858,5.8979894900000005
Liège,50.5835139,5.8563427
Liège,50.52368405,5.24569829
West Flanders,50.815474,3.2718398
Hainaut,50.4445692,4.3552841
Antwerp,51.32402,4.953304
East Flanders,50.8762542,3.9595366
Liège,50.6175718,5.5719653000000005
Brussels Capital Region,50.8272745,4.331937
Namur,50.2396457,4.4929981
Limburg,51.04807,5.227367
Brussels Capital Region,50.8049622,4.3582937
Antwerp,51.19986,4.334185
West Flanders,51.096303,2.5905441
Namur,50.21269,4.831160000000001
West Flanders,51.0343271,2.8583098
Antwerp,51.0249321,4.6288705
Antwerp,51.15967,4.66559
Brussels Capital Region,50.8376,4.2949
Brussels Capital Region,50.874464,4.399615
Liège,50.6646132,5.4573842
Limburg,50.9312887,5.413873
Luxembourg,50.2252595,5.2889975
Flemish Brabant,50.80972,4.61029
Liège,50.4524792,6.0523518
Limburg,51.1101166,5.23341777
Limburg,51.1472278,5.7281835
Hainaut,50.35622235,4.57732682
Namur,50.4630907,4.6786862
Hainaut,50.7459126,3.219272
Luxembourg,49.6285908,5.7048355
Liège,50.157002,6.1413245
Namur,50.3174893,4.6464726
Limburg,51.09069,5.614094
Walloon Brabant,50.7121158,4.509848
Hainaut,50.70039985,3.53471319
Brussels Capital Region,50.8484643,4.3307123
Liège,50.5212915,5.2348308
Liège,50.5588226,5.9662952
Liège,50.6198899,5.5718206
Brussels Capital Region,50.8483698,4.3754752
Brussels Capital Region,50.835947,4.3013959
Namur,50.4296942,4.7326127
Liège,50.5072946,5.6609894
Liège,50.5365653,5.4842146
Liège,50.5524877,5.4511519
Antwerp,51.0951,4.909648
East Flanders,51.0831558,3.4480506
Liège,50.6479544,5.5907627
Hainaut,50.6011057,3.8352806
Antwerp,51.32008,4.851677
Antwerp,51.00898,4.50635
Antwerp,51.089325,4.3648687
West Flanders,50.8500004,3.3071222
Antwerp,51.22229,4.404342
Antwerp,51.28201,4.424508
Walloon Brabant,50.7293314,4.5572858
Antwerp,51.02421,4.85425
Brussels Capital Region,50.7889922,4.3412245
Antwerp,51.29071,4.511468
Liège,50.487151,5.85912075
Antwerp,51.20279,4.41607
Liège,50.4452427,5.5376605
Hainaut,50.469385,4.1892216
East Flanders,51.12648,4.20566
Hainaut,50.45313,4.19126
Limburg,51.1149632,5.6472907
Antwerp,51.16988,4.443183
West Flanders,50.9098666,3.391071
Antwerp,51.14472,4.603569
West Flanders,50.9869543,3.1585897
West Flanders,51.268828,3.346074
Namur,50.25761,4.90805
Hainaut,50.6664164,3.2586472
Liège,50.6201964,5.5751035
Brussels Capital Region,50.8291588,4.3399814
Walloon Brabant,50.6379058,4.8612957
Hainaut,50.14449087,4.25855387
Namur,50.3487138,4.690472
Brussels Capital Region,50.8308932,4.363463
West Flanders,51.3148684,3.1237793
Limburg,50.7564473,5.6868482
Namur,50.43405,4.75922
Liège,50.5030826,5.4235362
Hainaut,50.738441,3.2337149
Antwerp,51.30715,4.742045
East Flanders,51.19427,4.030159
Namur,50.2340362,4.9169434
Antwerp,51.30922,4.748494
Namur,50.4674593,4.8718068
Antwerp,51.2503,4.4365201
Antwerp,51.05821,4.365075
Limburg,50.8758394,5.2656773
West Flanders,51.1208371,2.6363936
West Flanders,51.1210454,2.6435303
Namur,50.43405,4.75922
Brussels Capital Region,50.8530519,4.3879008
Luxembourg,50.21134,5.33682
Antwerp,51.32402,4.953304
Hainaut,50.4050091,3.8506992
Namur,50.4563673,4.871877
Antwerp,51.2995108,4.4880696
Antwerp,51.2328266,4.4684964
Hainaut,50.5182081,3.9885337
Namur,50.43725306,4.73305847
Namur,50.1596036,5.2221665
Flemish Brabant,50.940112,4.171284
Limburg,50.77721,5.47305
Liège,50.6421343,5.5808372
Brussels Capital Region,50.8397958,4.4202405
Liège,50.7324669,5.7616225
Namur,50.37294342,5.38106376
Liège,50.6533201,6.0531817
Namur,50.3453749,5.0922322
West Flanders,51.1444223,2.7060125
Luxembourg,49.89372535,5.07512537
Luxembourg,50.1030915,5.5718732
Luxembourg,49.6831599,5.5147765
Hainaut,50.6056059,3.3880367
Antwerp,51.1821,4.391529
Limburg,51.0712676,5.6560986
Namur,50.21286,4.83254
Luxembourg,49.6365486,5.7726862
West Flanders,50.84213,3.3945924
Antwerp,51.0551071,4.4199803
Namur,50.2376449,4.89401665
Hainaut,50.3373282,4.5277925
Flemish Brabant,50.7140616,4.2200436
East Flanders,51.0343671,3.9835894
Luxembourg,50.3480068,5.4804418
Hainaut,50.3914084,4.4589418
East Flanders,51.12423,4.198299
Hainaut,50.3979617,3.7881014
West Flanders,51.1372558,2.7611864
Namur,50.3204142,4.912835
Antwerp,51.22382,4.425357
West Flanders,51.34635,3.28586
Luxembourg,49.6833333,5.8166667
Brussels Capital Region,50.8611276,4.4172636
Namur,50.253418,4.4399356
Namur,50.11482,5.09357
Hainaut,50.3244185,4.1645212
Liège,50.603784,5.5352373
Flemish Brabant,50.812772,4.9351708
Brussels Capital Region,50.83268,4.43339
Limburg,50.7369611,5.2131241
Antwerp,51.32409,4.951879
East Flanders,50.86463,3.80581
West Flanders,51.2296925,2.9191206
East Flanders,50.94269,4.04586
West Flanders,50.9488522,3.1317186
Antwerp,51.2118,4.432114
East Flanders,51.0600274,3.7254591
Antwerp,51.0915149,4.3731727
Limburg,51.15009,5.822535
Limburg,50.73608,5.207407
Hainaut,50.7459126,3.219272
Liège,50.5906641,5.8934477
Hainaut,50.4146823,4.4470025
Brussels Capital Region,50.8569755,4.3193694
Flemish Brabant,50.93607,4.36553
East Flanders,50.9879443,3.5391519
Namur,50.0948203,4.5225085
Hainaut,50.4221949,4.4663585
East Flanders,50.7657379,3.8616343
Antwerp,51.1565,4.991133
Liège,50.55591,5.877356
Namur,50.0916165,4.5919434
Liège,50.5188252,5.2348497
East Flanders,51.031181,3.7624308
Brussels Capital Region,50.8569755,4.3193694
Liège,50.7097213,5.5238729
Brussels Capital Region,50.8470473,4.4304611
East Flanders,50.746762,3.6061239
Namur,50.309339,4.47433153
Antwerp,51.0595542,4.3525606
Limburg,51.0506527,5.1786584
Namur,50.4531672,4.6403325
Liège,50.6817371,5.852243
West Flanders,51.1081003,2.6074309
East Flanders,50.8318909,3.9083879
Namur,50.58144495,5.01702332
Walloon Brabant,50.7158951,4.6128257
Namur,50.3777222,4.9421604
Limburg,50.7847878,5.4689682
Brussels Capital Region,50.8588188,4.3968419
Luxembourg,50.1833048,5.5762306
Liège,50.4679334,6.0867335
Liège,50.52198237,5.2772407900000005
Antwerp,51.1856033,5.2307618
Luxembourg,50.3374797,5.5358057
Flemish Brabant,50.927262,4.424078
West Flanders,51.1536611,3.1909771
Luxembourg,49.92249,5.589829
Hainaut,50.3842432,3.6908723
Namur,49.9065149,4.9884804
Brussels Capital Region,50.8391829,4.429498
Namur,50.21628,4.8142700000000005
Luxembourg,49.6846096,5.8199013
Hainaut,50.6056059,3.3880367
Brussels Capital Region,50.87649225,4.35240964
Limburg,50.7809269,5.4612655
Brussels Capital Region,50.8442636,4.4269208
Brussels Capital Region,50.8648307,4.3491892
Liège,50.6283219,5.5793664
Brussels Capital Region,50.8563315,4.4194752
Limburg,50.9328264,5.3397093
Luxembourg,49.6300955,5.7030262
Namur,50.4355319,4.7601498
Namur,49.8723907,4.9317565
Brussels Capital Region,50.82285,4.28632
Limburg,51.0943641,5.7734196
Hainaut,50.3369535,4.5345233
Antwerp,51.2282564,4.3831054
Liège,50.636769,5.57141
West Flanders,50.9263518,3.3480778
Hainaut,50.722568,3.2326156
Luxembourg,50.296868,5.47420005
Hainaut,50.722568,3.2326156
West Flanders,51.2248681,2.9094498
Hainaut,50.48815,4.15428
Brussels Capital Region,50.8534147,4.38881262
Antwerp,51.22755,4.911242
Hainaut,50.4276801,4.084745
Hainaut,50.3575852,4.43390115
Limburg,50.88787,5.526891
Hainaut,50.47558875,3.72272015
Flemish Brabant,50.7391844,4.3581492
Hainaut,50.39021,3.88777
Brussels Capital Region,50.8393618,4.3347685
East Flanders,50.9752341,3.5963619
West Flanders,51.1056547,2.6148274
Antwerp,51.10935,4.918744
Brussels Capital Region,50.8784702,4.3334564
Namur,50.49152945,5.09614941
West Flanders,50.7671074,3.2249754
Brussels Capital Region,50.81146,4.3536
Luxembourg,50.1189932,5.6401353
Walloon Brabant,50.6531158,4.2022298
Liège,50.6593409,5.203184
Liège,50.64364655,5.6037114
Antwerp,51.31097,4.876165
Brussels Capital Region,50.8665916,4.281529
Hainaut,50.6947227,4.0418874
Namur,50.12456,4.990002
Antwerp,51.18233573,4.83601771
Walloon Brabant,50.7236978,4.8564594
Walloon Brabant,50.704752,4.6502871
Hainaut,50.1737489,4.3233928
Antwerp,51.33145,4.366693
Antwerp,51.2682227,4.7125694
Brussels Capital Region,50.8891857,4.3176571
East Flanders,50.8644916,3.821043
Walloon Brabant,50.6,4.6333333
Flemish Brabant,50.7529396,3.9709758
Luxembourg,49.99799534,5.71735556
Namur,50.43896,4.79566
West Flanders,51.1177223,2.6269842
Luxembourg,49.7063459,5.8032008
Hainaut,50.7121072,3.4574913
Brussels Capital Region,50.85556625,4.36950727
Brussels Capital Region,50.8359637,4.3905848
Luxembourg,50.2198271,5.9956577
Brussels Capital Region,50.8750097,4.3826249
Flemish Brabant,50.9127258,4.1964728
Liège,50.69757,5.25553
Antwerp,51.22901,4.825656
Namur,50.4558705,4.865266
Luxembourg,49.6957099,5.4169124
Flemish Brabant,50.80785,4.23213
Antwerp,51.2054658,4.4487052
West Flanders,50.8910231,3.4279556
Brussels Capital Region,50.85023,4.371552
Antwerp,51.21285,4.6568000000000005
Limburg,50.788892,5.4692134
East Flanders,51.0088496,3.7022098
Namur,50.39859,4.65956
Walloon Brabant,50.70615,4.15817
Namur,50.092667,4.6708276
Hainaut,50.6904077,4.07672077
Brussels Capital Region,50.8145845,4.356264
Liège,50.6029902,5.5165543
Namur,50.2743151,4.5923406
Namur,50.3065946,4.7026569
Namur,50.18716635,4.82904333
East Flanders,50.94519,3.802207
West Flanders,51.1232626,2.7102756
Antwerp,51.16663,4.442992
Antwerp,51.2264,4.466001
Liège,50.4118172,6.1539662
Liège,50.6430442,5.6065052
Namur,50.2515872,4.43471421
East Flanders,51.22499,4.245971
West Flanders,51.0696903,3.0888364
Hainaut,50.4067996,4.5384953
Liège,50.4892442,5.5308026
East Flanders,50.7522302,3.6260615
Hainaut,50.3886584,4.405458
Hainaut,50.7459126,3.219272
Hainaut,50.4006751,4.3713348
Namur,50.43405,4.75922
Liège,50.7096477,5.5267686000000005
West Flanders,51.2291015,2.9190149
Liège,50.586158,5.632027
Liège,50.6243059,5.5760327
Liège,50.544291,5.3378524
East Flanders,51.0539045,3.7178253
Namur,50.109028,4.957175
Hainaut,50.5719086,3.5002803
Brussels Capital Region,50.8775633,4.3066813
Namur,50.19238,4.83428
Hainaut,50.7340811,3.6784533
Limburg,51.0053599,5.5848757
West Flanders,51.2215383,2.9075413
East Flanders,51.0315098,3.7645417
Hainaut,50.6056059,3.3880367
Hainaut,50.02772525,4.16381635
Hainaut,50.7459126,3.219272
Hainaut,50.4523812,4.2297719
West Flanders,51.3506668,3.2891281
Namur,50.445033,4.634663
Brussels Capital Region,50.8796703,4.3844165
Hainaut,50.0844529,4.2660214
West Flanders,50.8826614,3.4246387
Walloon Brabant,50.6969022,4.3538379
Namur,50.4346012,4.7593643
Namur,50.4674593,4.8718068
Limburg,50.9132824,5.4097409
Liège,50.6837494,5.6707829
Hainaut,50.50293,4.10873
Liège,50.50906625,5.16251156
East Flanders,50.8161771,3.8825159
Hainaut,50.4733823,4.2079815
West Flanders,51.2166667,2.9
Brussels Capital Region,50.8243985,4.4022007
Hainaut,50.411642,4.4464363
Hainaut,50.4003575,4.4478433
Brussels Capital Region,50.8181944,4.3921668
Brussels Capital Region,50.8,4.3333333
Antwerp,51.32092,4.953986
Liège,50.7196242,5.5781122
Liège,50.6875252,5.5970321
Luxembourg,50.2345192,5.4016596
Luxembourg,50.08546276,5.17997642
West Flanders,51.012904,3.0788619
Hainaut,50.7281602,3.3048918
West Flanders,50.91954,2.62392
Luxembourg,49.9190786,5.5676874
Hainaut,50.5938686,3.4892888
Antwerp,51.24364,4.430154
Liège,50.580733,5.4552428
Antwerp,51.218916,4.4228423
Namur,50.4452761,4.8733827
Luxembourg,49.9666642,5.2570687
Antwerp,51.0523173,4.6234899
Limburg,50.9216785,5.1235921
Hainaut,50.7281602,3.3048918
Hainaut,50.4129391,3.8463994
East Flanders,50.8441618,3.9583452
Liège,50.71255,6.07999
Hainaut,50.4010812,4.51968264
Hainaut,50.4675679,4.3815368
West Flanders,51.3006682,3.0804932
Antwerp,51.068547,4.9951089
Brussels Capital Region,50.8626373,4.4166762
West Flanders,51.1944354,3.2132089
Limburg,51.22993,5.309978
Namur,50.34788,4.8732500000000005
Hainaut,50.4913555,3.5863372
Namur,50.58065,4.72348
Limburg,51.048687,5.2221751
West Flanders,51.10097405,2.61969525
Flemish Brabant,50.780675,4.6290411
Namur,50.22851,4.8436
Namur,50.0558101,4.537308
East Flanders,51.129536,3.7021048
Brussels Capital Region,50.8661893,4.3694296
Liège,50.506607,5.5705123
West Flanders,51.208301,3.2356202
West Flanders,51.2114709,2.8795083
Liège,50.482315,5.7073992
Luxembourg,50.2924239,5.661597
Luxembourg,49.7086135,5.7261269
Limburg,50.7497694,5.8127819
Brussels Capital Region,50.859029,4.330334
Limburg,50.7783432,5.4632898
Brussels Capital Region,50.7945211,4.3323274
Luxembourg,49.6211501,5.4070044
Liège,50.6725392,5.6653361
Liège,50.6283961,5.6020769
Liège,50.5326636,5.4761468
East Flanders,50.74126,3.91637
Hainaut,50.0397323,4.321065
Namur,50.4260307,4.9509671
Brussels Capital Region,50.817175,4.425082
Hainaut,50.4324843,4.5364464
Brussels Capital Region,50.8635353,4.3114635
Limburg,50.9709098,5.5031209
Brussels Capital Region,50.8206516,4.3845016
Brussels Capital Region,50.8079254,4.3915528
Brussels Capital Region,50.8808582,4.3227894
Antwerp,51.2344751,4.4712624
Walloon Brabant,50.7105478,4.61033886
Luxembourg,50.0880101,5.8756078
Liège,50.6462555,5.5950596
Hainaut,50.3454385,4.4771171
Namur,50.3174893,4.6464726
East Flanders,51.17216,4.130243
Limburg,51.24889,5.528829
Liège,50.620416,5.003559
Liège,50.6385384,5.5583889
Hainaut,50.4608131,4.3809937
Brussels Capital Region,50.8648307,4.3491892
West Flanders,51.3121044,3.1276328
East Flanders,51.21345,4.25817
Liège,50.4324157,5.6662875
East Flanders,51.0907589,3.705647
Limburg,51.1274343,5.2567462
Liège,50.6802353,5.3195421
Hainaut,50.7582958,3.4823562
Flemish Brabant,50.8766391,4.2863191
Antwerp,51.3050324,4.8554551
Brussels Capital Region,50.8562977,4.3005339
Namur,50.1906147,4.82900578
Antwerp,51.20934,4.437731
Antwerp,51.0196856,4.5571997
Antwerp,51.22834,4.463064
Antwerp,51.2114779,4.3974775
East Flanders,51.0631,4.153831
Hainaut,50.4681848,4.56994976
East Flanders,51.0136735,4.2010994
Namur,50.2340362,4.9169434
Hainaut,50.6947227,4.0418874
Brussels Capital Region,50.8279671,4.3693821
Liège,50.6371564,5.5324804
Liège,50.71255,6.07999
Limburg,51.06319,5.089044
Brussels Capital Region,50.856596,4.4364801
Limburg,50.92807,5.449694
Luxembourg,50.35354953,5.47731207
East Flanders,51.16052,4.153136
West Flanders,51.312568,3.1254449
Brussels Capital Region,50.8338502,4.3402648
Namur,50.4016661,4.8328003
Liège,50.5270155,5.4143001
Limburg,51.1061902,5.7971742
Antwerp,51.32136,4.844195
Hainaut,50.4416433,4.4495157
Liège,50.6358748,5.5301224
East Flanders,51.0878617,3.4545711
Antwerp,51.13043,4.442317
Liège,50.6312223,5.6681313
West Flanders,51.1597289,3.0453899
West Flanders,51.2047078,3.2003198
West Flanders,50.9228959,3.254617
Antwerp,51.25421,4.445835
Antwerp,51.2003349,5.1058732
Limburg,51.056609,5.2032409
Liège,50.6392016,5.5920368
Brussels Capital Region,50.8455239,4.3242407
Antwerp,51.0567357,4.6609058
Hainaut,50.4479352,3.8990501
West Flanders,50.7946478,3.1849946
Liège,50.6321706,5.5654603
Brussels Capital Region,50.81639,4.38169
Hainaut,50.32309,4.16486
Walloon Brabant,50.7385816,4.6972809
West Flanders,51.1051487,2.595192
Antwerp,51.19268,5.12329
West Flanders,51.1383176,2.7388805
Namur,50.535306,4.8624343
Flemish Brabant,51.0220868,4.6829354
Namur,50.4472286,4.6332629
Namur,50.3298668,4.610493
West Flanders,51.0292573,2.8656725
Brussels Capital Region,50.882922,4.3463644
West Flanders,51.12928,2.75001
Limburg,51.0380358,5.1669852
Limburg,51.04124,5.30174
Antwerp,51.09082,4.84038
West Flanders,51.2284109,2.9419729
Antwerp,51.05806,4.33604
Hainaut,50.2966308,4.1010005
Luxembourg,50.35304342,5.46120607
Antwerp,51.07368,4.70985
West Flanders,51.2030275,3.2608089
West Flanders,50.83389,3.26027
Brussels Capital Region,50.8393618,4.3347685
Namur,50.594758,4.910414
Liège,50.60163,5.862974
Liège,50.47318,5.67584
Luxembourg,50.2859231,5.9049159
West Flanders,50.9375281,3.1158256
Namur,50.20362,4.86621
Liège,50.6492945,5.56842503
Liège,50.6181019,5.506932
Luxembourg,50.3475,5.478466
Liège,50.6670018,6.0006697
Flemish Brabant,50.93417,4.328287
East Flanders,50.92866,4.03849
Namur,50.430834,4.61673976
Liège,50.5808584,5.9006957
Antwerp,51.32373,4.966655
West Flanders,51.1799743,3.0255516
Luxembourg,49.693272,5.8083581
Brussels Capital Region,50.7748717,4.3407539
East Flanders,51.1689801,4.1557237
Hainaut,50.4139155,3.8889776
Liège,50.6524082,5.6889674
Liège,50.3763456,5.8709677
West Flanders,50.7474474,3.4080008
Namur,50.3363,4.98662
Flemish Brabant,51.0136792,4.7088486
Antwerp,51.21058,4.598367
Hainaut,50.4166487,4.376359
Brussels Capital Region,50.8235717,4.3766927
Antwerp,51.18673,4.388391
Hainaut,50.6947227,4.0418874
Flemish Brabant,50.92488,4.515966
East Flanders,51.076537,3.7507565
Brussels Capital Region,50.85715291,4.3104472
Liège,50.5991269,5.6076933
Liège,50.74445,5.97453
West Flanders,51.10946773,2.60690364
East Flanders,50.94141,4.05234
East Flanders,50.90026,3.87926
Brussels Capital Region,50.8147349,4.3664118
East Flanders,51.0319298,3.7702158
Antwerp,51.13729,4.831632
West Flanders,51.1145183,2.6398803
Brussels Capital Region,50.8275305,4.3383075
Luxembourg,50.0583211,5.50993015
West Flanders,51.1050631,2.5990857
Liège,50.5732266,5.8294917
Namur,50.37994,4.98532
Antwerp,51.0566508,4.3485351
Namur,50.2956773,5.1008307
Limburg,51.02462,5.169922
Limburg,51.0117,5.27718
Brussels Capital Region,50.8427501,4.3515499
Brussels Capital Region,50.8578134,4.338529
Namur,50.2602151,4.8242714
Liège,50.5903039,5.6069213
Limburg,50.92766,5.325643
Liège,50.6269625,5.4968943
Liège,50.6279315,5.59221913
East Flanders,50.766394,3.8885447
Limburg,51.2208573,5.422779
Hainaut,50.7459126,3.219272
Antwerp,51.18074,4.835107
Liège,50.51492256,5.9382737
Luxembourg,50.2825306,5.5143285
West Flanders,51.116145,2.6394339
Antwerp,51.2703515,4.78525777
West Flanders,51.101667,2.6285493
East Flanders,51.0476374,4.1077753
East Flanders,51.0887329,3.6889878
Namur,50.46991,4.699886
Liège,50.7294412,5.5241206
Brussels Capital Region,50.8371766,4.3608672
Hainaut,50.4442058,4.2521529000000005
West Flanders,51.1697856,2.7779143
East Flanders,51.0308552,3.7674868
Brussels Capital Region,50.832954,4.3685864
Namur,50.1650193,5.2135602
Luxembourg,50.34578159,5.43812172
Brussels Capital Region,50.8,4.3333333
East Flanders,50.7707855,3.4823500000000003
Namur,50.2942094,5.3207026
East Flanders,51.21495,4.027252
Brussels Capital Region,50.8,4.3333333
Luxembourg,49.6817918,5.8122132
Limburg,50.924772,5.3242485
Brussels Capital Region,50.8528993,4.3848872
Liège,50.4743268,5.6804485
Hainaut,50.7459126,3.219272
Liège,50.7459822,5.9962507
Hainaut,50.5566517,3.9005816
West Flanders,51.2772556,3.0291018
East Flanders,51.16987,4.140177
Brussels Capital Region,50.8979798,4.3561724
West Flanders,51.1338083,2.6753043
Flemish Brabant,50.9783912,4.6398773
Brussels Capital Region,50.8263288,4.3044351
Antwerp,51.11099984,4.45363784
Brussels Capital Region,50.840663,4.3358279
Brussels Capital Region,50.9006101,4.333261
Brussels Capital Region,50.8603425,4.3520934
Hainaut,50.3842432,3.6908723
East Flanders,50.97966,3.5317983
Liège,50.630279,5.539119
Limburg,50.99133,5.383344
Antwerp,51.30124,4.423028
Hainaut,50.45413,4.1996
Liège,50.5556638,5.3297613
Flemish Brabant,51.00126,4.296384
Flemish Brabant,50.9114808,4.31198395
East Flanders,50.7471975,3.5966362
East Flanders,51.0928146,4.1424418
Antwerp,51.05467,4.979597
Liège,50.6543689,5.521934
Namur,50.377213,4.9707476
Hainaut,50.6463544,3.5593723
West Flanders,50.8914389,3.0608298
Namur,50.05,4.4833333
Liège,50.556051,5.650227
Flemish Brabant,50.9084,4.11281
East Flanders,51.0103403,3.6374217
Hainaut,50.48055,4.12
Hainaut,50.4,4.2666667
West Flanders,51.3123743,3.1327685
Liège,50.52201,5.24577
East Flanders,51.1456015,4.1632993
Brussels Capital Region,50.8294502,4.3464929
Liège,50.6350298,5.6973916
Luxembourg,50.1884504,5.9506398
Flemish Brabant,50.9064624,4.3015202
Limburg,51.1219281,5.2518624
Antwerp,51.221709,4.4168627
Hainaut,50.0495916,4.309345
Namur,50.0330018,4.9241793
Hainaut,50.48454785,4.55445147
West Flanders,51.208343,2.8621016
Hainaut,50.567749,3.4736321
Antwerp,51.20995,4.403748
Antwerp,51.17225,4.336727
Luxembourg,50.09533025,5.16373115
Luxembourg,49.8456093,5.4403449
Brussels Capital Region,50.87514,4.38899
East Flanders,51.0233824,3.6798106
Liège,50.6316471,5.5026743
Limburg,51.0544011,5.2536012
Hainaut,50.6250538,3.3900541
Walloon Brabant,50.6108278,4.4503759
Flemish Brabant,50.920737,4.1662131
East Flanders,50.9359409,4.0390682
Hainaut,50.3886584,4.405458
Hainaut,50.469385,4.1892216
Liège,50.4064512,6.2387894
Liège,50.69649236,5.34047097
East Flanders,50.8364839,3.5691369
Liège,50.7347843,5.7204859
Namur,50.29051,5.3419
Antwerp,51.08060145,4.32533961
East Flanders,51.0598509,3.8032907
East Flanders,51.1684412,4.150761
Hainaut,50.3723909,3.8740915
Brussels Capital Region,50.8235717,4.3766927
Limburg,50.8668063,5.3796258
Limburg,51.042892,5.3828091
Limburg,50.962019,5.4781972
Hainaut,50.7459126,3.219272
Hainaut,50.6448071,3.283159
Hainaut,50.4327789,3.684904
Hainaut,50.5777389,4.0573135
Flemish Brabant,50.80972,4.61029
Liège,50.4606761,6.212549
Liège,50.7403824,5.6559911
Luxembourg,49.8387807,5.0168268
East Flanders,50.8558583,3.68734
Namur,50.5104552,4.5732069
Namur,50.17645,4.6111
Namur,50.1872873,4.8326378
Flemish Brabant,50.7488747,4.3341432
Liège,50.4784698,5.71277789
West Flanders,51.0983664,2.5957935
Namur,50.2956773,5.1008307
West Flanders,50.804021,3.1054412
Liège,50.36226,6.13424
West Flanders,51.2581399,3.184109
Luxembourg,50.1587463,5.6823308
Liège,50.5114278,5.3977799
Hainaut,50.4007497,3.7815943
Brussels Capital Region,50.811309,4.3468398
Hainaut,50.4157265,4.449213
Namur,50.5092239,4.6048912
West Flanders,50.859619,2.7254503
Brussels Capital Region,50.814384,4.3394816
Liège,50.625488,6.031033
Namur,50.1001161,5.0109233
Liège,50.634829,5.520096
East Flanders,50.8496528,3.7527652
Liège,50.6141549,5.5030054
Brussels Capital Region,50.8335743,4.4473097
Namur,50.3165685,4.9021402
Antwerp,51.46656,4.464652
Hainaut,50.4000125,3.7827922
East Flanders,50.8124149,4.0479592
Brussels Capital Region,50.8544426,4.329678
Limburg,51.0197869,5.7428896
West Flanders,50.8212018,3.2820929
Brussels Capital Region,50.8379518,4.3476739
Brussels Capital Region,50.82768,4.37178
Hainaut,50.4201524,4.48311
Limburg,50.8459352,5.4914874
Liège,50.6759905,5.6290102
Namur,50.05175875,4.4981422
Namur,50.58092,4.9476700000000005
Luxembourg,50.08972705,5.25502484
Brussels Capital Region,50.8569755,4.3193694
Hainaut,50.5069872,3.780223
Hainaut,50.4048263,3.8383261
Antwerp,51.1208918,4.5911588
Hainaut,50.1922938,4.3535466
Hainaut,50.413213,3.7948107
Limburg,51.03664,5.28904
Liège,50.6411304,5.547001
Limburg,50.9565622,5.2317949
East Flanders,51.0103403,3.6374217
Brussels Capital Region,50.8499782,4.4326771
Namur,50.462857,4.9517789
Liège,50.4264161,6.0309291
Antwerp,51.2043755,4.5201673
Namur,50.4629307,4.84220848
Limburg,50.9212206,5.3496668
Namur,50.2340362,4.9169434
West Flanders,51.3181959,3.137704
East Flanders,51.0020757,3.8863664
West Flanders,51.2210246,2.8894638
Antwerp,51.25132,4.433568
Hainaut,50.6947227,4.0418874
Liège,50.7169834,6.0108582
Limburg,50.8694,5.256007
Limburg,50.7509092,5.1394558
Brussels Capital Region,50.8640212,4.3170764
East Flanders,51.11948,4.175665
Hainaut,50.6105293,4.132907
West Flanders,50.8458576,2.8857534
Limburg,50.9793893,5.3683087
Antwerp,51.16032,4.978870000000001
West Flanders,50.9452087,3.1217387
Brussels Capital Region,50.8678643,4.3238064
Hainaut,50.4628115,4.3926267
Brussels Capital Region,50.8235717,4.3766927
Luxembourg,50.1773895,5.6646175
Antwerp,51.21893,4.322955
Namur,50.2517579,4.6073771
Luxembourg,49.909154,5.3854915
West Flanders,51.2121221,3.2421115
Hainaut,50.7459126,3.219272
Hainaut,50.3073558,4.1113839
Hainaut,50.3682434,4.2662585
Flemish Brabant,50.7661603,4.020535
Walloon Brabant,50.68736,4.48135
Walloon Brabant,50.68736,4.48135
Namur,50.1603736,5.2613121
Brussels Capital Region,50.8508306,4.30744702
Hainaut,50.4979391,3.6091371
Walloon Brabant,50.6731113,4.3883319
Luxembourg,50.1675654,5.4142408
West Flanders,51.1009471,2.62010294
Flemish Brabant,50.85488,4.446998
Brussels Capital Region,50.874464,4.399615
Hainaut,50.7459126,3.219272
Namur,50.4833333,5.0833333
Limburg,50.985374,5.3653331
Flemish Brabant,50.9125882,4.3496076
Flemish Brabant,50.74805,4.27409
Luxembourg,49.5828528,5.5565552
Namur,50.43896,4.79566
Brussels Capital Region,50.8241427,4.3489773
Liège,50.6301943,5.5705986
Hainaut,50.43718,4.14547
Liège,50.6188545,5.5073719
Brussels Capital Region,50.824397,4.2944439
Namur,50.1587,4.62201
Namur,49.9679418,4.5291527
Namur,50.552108,4.9855088
Brussels Capital Region,50.8568099,4.3009491
Luxembourg,50.16514327,5.41181902
Flemish Brabant,50.878917,4.7647017
Namur,50.2887824,4.7982411
Flemish Brabant,50.8988813,4.2266307
Namur,50.2460666,4.8161879
Namur,50.2991028,5.3746071
Liège,50.5837347,5.4370082
Hainaut,50.4767824,4.1845623
Hainaut,50.4539755,4.1566079
West Flanders,50.9471599,3.2873927
Brussels Capital Region,50.8232688,4.292994
East Flanders,51.0537376,3.6881763
Hainaut,50.4681325,4.5900294
Hainaut,50.3886584,4.405458
West Flanders,50.8240739,3.2816397
Limburg,50.97470515,5.48379319
West Flanders,50.8504272,3.1151884
East Flanders,51.0308552,3.7674868
Luxembourg,49.8432151,5.7206232
Liège,50.6178168,5.443306
Limburg,51.092528,5.7735927
Liège,50.675254,5.5451986
Flemish Brabant,50.745121,4.5090713
Brussels Capital Region,50.8285166,4.3085599
Luxembourg,49.90363954,5.54085453
Hainaut,50.4666667,4.2833333
Brussels Capital Region,50.8235717,4.3766927
Brussels Capital Region,50.82556,4.34184
East Flanders,50.9210833,4.0776356
Namur,50.2956773,5.1008307
Hainaut,50.7459126,3.219272
West Flanders,51.1009463,2.5937598
West Flanders,50.9636458,3.4186283
Liège,50.2770377,6.2114992
Flemish Brabant,50.95088,4.30927
Brussels Capital Region,50.8197546,4.4302117
Liège,50.6474792,5.581052
Namur,50.17111015,4.40934825
Brussels Capital Region,50.8697787,4.3371224
Brussels Capital Region,50.8385732,4.3839131
Antwerp,51.0673,4.40756
Liège,50.6409113,5.66803
West Flanders,50.8584175,2.8899148
Limburg,51.0859623,5.7196085
Antwerp,51.2561775,4.4595006
Liège,50.6291259,5.4885982
Luxembourg,50.1819668,5.5753127
Namur,50.4193463,4.85865486
West Flanders,51.0166786,3.0864707
Brussels Capital Region,50.86849,4.390499
Luxembourg,49.9153348,5.0906219
Namur,50.21517,4.82212
Brussels Capital Region,50.816257,4.2586541
Liège,50.4885812,5.8597491
Flemish Brabant,50.8361514,4.5241142
Liège,50.5606466,5.8068552
Liège,50.6002188,5.3977657
Flemish Brabant,50.7529396,3.9709758
Hainaut,50.4209525,4.4614925
Hainaut,50.4203865,4.4163567
Brussels Capital Region,50.8490001,4.4440305
Antwerp,51.22539,4.751942
Namur,50.4674593,4.8718068
Hainaut,50.7459126,3.219272
West Flanders,51.1305708,3.0351451
Luxembourg,49.9206873,5.3798463
Liège,50.6493519,5.5551055
Brussels Capital Region,50.8274138,4.3963952
Brussels Capital Region,50.8556147,4.3027836
Luxembourg,49.8162555,5.4685942
Antwerp,51.0565326,4.6613724
Brussels Capital Region,50.8616187,4.3511461
Brussels Capital Region,50.8611276,4.4172636
Flemish Brabant,50.7485453,4.3758814
Hainaut,50.3566079,3.7753226
Liège,50.6678523,5.0814678
Hainaut,50.4870898,4.5468668
Antwerp,51.062383,4.6282852
West Flanders,51.2128572,3.2074152
West Flanders,51.2770823,3.0278409
Flemish Brabant,50.9791274,4.9792871
Antwerp,51.15848,4.748525
Namur,50.1596036,5.2221665
Limburg,50.9887503,5.3429031
Antwerp,51.19673,4.442404
Namur,50.3453749,5.0922322
Antwerp,51.351217,4.7603193
Antwerp,51.0563482,4.348325
Hainaut,50.402709,4.5191571
Limburg,50.8326123,5.3253938
West Flanders,50.8267585,3.2741199
Hainaut,50.699374,3.3314663
Hainaut,50.5678375,4.2748602
Namur,50.1085611,4.9588816
Limburg,50.8122711,5.3417263
West Flanders,50.8547795,2.8959344
West Flanders,51.2031005,3.2308304
Hainaut,50.423658,3.8516424
Liège,50.6740449,5.606961
Luxembourg,50.0936584,5.5161673
Hainaut,50.4765848,3.9552523
Luxembourg,49.7270823,5.220133
Liège,50.5961813,5.4115012
Hainaut,50.4018544,4.4777803
Limburg,51.0588239,5.0471159
Luxembourg,49.6216258,5.8214036
West Flanders,51.0978253,2.5827012
West Flanders,50.9780583,3.0147111
Flemish Brabant,50.71976,4.25448
Antwerp,51.0452134,4.5981782
Liège,50.6666818,5.6342467
Limburg,51.0161046,5.284098
Walloon Brabant,50.7211,4.49388
East Flanders,51.0361278,3.7150985
East Flanders,50.7705978,3.8871336
Namur,50.2893833,4.7989428
Antwerp,51.4646,4.504237
Hainaut,50.722568,3.2326156
Namur,50.421206,4.8633172
Luxembourg,50.1901517,5.9470994
Brussels Capital Region,50.825864,4.3061095
Liège,50.6854324,5.706587
Brussels Capital Region,50.8365808,4.308187
Liège,50.635141,5.3963056
Hainaut,50.3881472,3.9190897
Antwerp,51.09369,4.610206
Hainaut,50.41779,4.4793569
Brussels Capital Region,50.8120726,4.3235586
Liège,50.4999613,5.8994532
Namur,50.0585195,4.53405314
Antwerp,51.2124966,4.4313303
Namur,50.4024613,5.0755536
Liège,50.7310422,5.764086
Antwerp,51.32402,4.953304
Hainaut,50.0844529,4.2660214
Namur,50.5594454,4.7000919
Namur,50.0016768,4.4649941
Hainaut,50.4577042,4.3662504
East Flanders,50.8705604,4.0568298
Antwerp,51.12345,4.824708
Antwerp,51.2851,4.485817
Hainaut,50.6803312,3.3098471
Namur,50.1736053,4.5189211
Brussels Capital Region,50.8279671,4.3693821
Hainaut,50.5685485,4.0026575
Liège,50.642911,5.5900117
East Flanders,51.11953,4.083114
Limburg,51.068676,5.0946911
Brussels Capital Region,50.8553565,4.3056841
Luxembourg,50.2871311,5.4834211
West Flanders,51.2351227,2.9189485
Liège,50.5210371,5.1553743
Hainaut,50.5106948,4.1834284
Namur,50.4885193,5.0886413
Flemish Brabant,50.9054755,4.2048959
Liège,50.6269371,5.5899747
Namur,50.2808961,4.9926864
Namur,50.4663994,4.8625939
East Flanders,50.7705978,3.8871336
East Flanders,50.7468688,3.5990651
Antwerp,51.13016,4.575459
Antwerp,51.21354,4.907846
Liège,50.7321941,5.6955169
Limburg,50.9398135,5.3369503
Namur,50.0947687,4.5218479
Liège,50.482315,5.7073992
Hainaut,50.4185168,4.3755799
Flemish Brabant,50.84492,4.51848
Brussels Capital Region,50.806632,4.3350881
Antwerp,51.21442,4.435521
Hainaut,50.5467427,3.3403627
Limburg,50.969278,5.6619185
Flemish Brabant,50.9229628,4.5258982
Namur,50.27804,4.413776
East Flanders,51.0013535,4.1470606
Liège,50.641715,5.5404728
Walloon Brabant,50.5970488,4.3597117
Walloon Brabant,50.6892691,4.3065628
Limburg,50.908489,5.3544056
Antwerp,51.2569089,4.4576363
Liège,50.2819874,6.1306294
Liège,50.6842433,5.6723032
Flemish Brabant,50.8108689,4.168554
Walloon Brabant,50.7309955,4.4856707
West Flanders,51.0979245,2.5921772
Liège,50.4736583,5.7396407
Luxembourg,50.1735662,5.3479488
Hainaut,50.4157265,4.449213
Luxembourg,49.7976052,5.005799
Hainaut,50.4122941,4.4418817
Walloon Brabant,50.71469,4.3991
Liège,50.6350757,5.5628874
East Flanders,50.98059,3.5294282
Hainaut,50.3896414,4.5126036
Hainaut,50.6102877,3.4017579
Antwerp,51.0630883,4.3616451
Namur,50.2713933,4.4353893
Hainaut,50.4668162,3.8118542
Brussels Capital Region,50.8168216,4.3440812
Hainaut,50.7281602,3.3048918
Limburg,50.8396034,5.2343045
Hainaut,50.7459126,3.219272
Liège,50.6125453,5.661717
Liège,50.47466,5.37723
Walloon Brabant,50.67687,4.71943
Brussels Capital Region,50.8230406,4.3591876
Limburg,51.2265051,5.2972801
Flemish Brabant,50.8226705,5.0942756
Antwerp,51.22967,4.421217
Luxembourg,49.9614001,5.1772097
Namur,50.0584151,4.4326618
East Flanders,51.22371,4.120407
Limburg,51.1131275,5.2425506
Brussels Capital Region,50.89119,4.3827006
Liège,50.49509625,5.16563871
Liège,50.601474,5.6533206
Hainaut,50.6947227,4.0418874
Namur,50.43896,4.79566
Liège,50.570005,5.6448777
Brussels Capital Region,50.8235717,4.3766927
West Flanders,50.7474716,2.8209697
Brussels Capital Region,50.8569755,4.3193694
Namur,50.162334,5.2254221
Brussels Capital Region,50.8224229,4.3841352
Flemish Brabant,50.8701784,4.2652065
Namur,50.4588058,4.8731583
Hainaut,50.4036097,3.8974924
Flemish Brabant,50.89576,4.43309
West Flanders,51.2797754,3.0354844
Luxembourg,50.0934213,5.169423
Antwerp,51.10129,4.722548
Liège,50.6557618,5.5726999
Hainaut,50.6056059,3.3880367
East Flanders,51.24493,4.06314
Walloon Brabant,50.6810177,4.958985
Luxembourg,50.16903,5.41697
Limburg,51.0672,5.095751
Hainaut,50.4411759,4.3859913
Flemish Brabant,50.8846867,4.2789451
Antwerp,51.3344219,4.7935919
Flemish Brabant,50.888912,4.7014459
Hainaut,50.4908073,4.3342955
Hainaut,50.4992803,3.6598433
Hainaut,50.5439292,4.4062183
West Flanders,51.1178603,2.6316239
Brussels Capital Region,50.8381484,4.4329851
Liège,50.7053174,5.5679837
Liège,50.6825345,5.99655
Brussels Capital Region,50.8930093,4.3688906
Namur,50.2340362,4.9169434
Liège,50.7096477,5.5267686000000005
Liège,50.576858,5.2605471
Hainaut,49.9921588,4.3197548
West Flanders,51.117909,2.6272537
Namur,50.0947687,4.5218479
Walloon Brabant,50.7235257,4.864936
Namur,50.32579759,4.87506224
Brussels Capital Region,50.8473572,4.3561183
Hainaut,50.5691559,3.443296
Antwerp,51.03045,4.49158
Antwerp,51.29091,4.588149
Antwerp,51.30129,4.575483
Namur,50.1403385,5.162772
Luxembourg,50.1794387,5.5774817
Liège,50.4934146,5.8662045
Brussels Capital Region,50.8559378,4.3549201
Liège,50.5451103,5.4946494
Limburg,50.92607,5.328954
Flemish Brabant,50.7233164,4.0536565
Hainaut,50.6827667,3.5610313
Luxembourg,49.6792523,5.8059079
East Flanders,51.20133723,4.09879744
Brussels Capital Region,50.8142798,4.389874
East Flanders,50.937793,4.0409133
Liège,50.5871902,5.4965696
Luxembourg,49.6855518,5.8023614
Hainaut,50.6933701,4.0502931
Namur,50.4563673,4.871877
Liège,50.54396075,5.2945367
Hainaut,50.6827667,3.5610313
Namur,50.32046,4.91206
Liège,50.7100613,5.7575362
Hainaut,50.40558,4.20728
Hainaut,50.4572941,3.9549668
West Flanders,51.10092015,2.62031752
Namur,50.4746116,4.8704953
Brussels Capital Region,50.8525175,4.39058185
Namur,50.2340362,4.9169434
Liège,50.64576585,5.56704041
Luxembourg,49.5792831,5.8497214
West Flanders,51.1865164,2.8159212
Luxembourg,50.2517425,5.8711513
Namur,50.23184,5.22763
East Flanders,51.051982,3.7161576
West Flanders,51.2357846,2.9809796
Limburg,51.15698885,5.3933464
Antwerp,51.24523,4.881114
Antwerp,51.32716,4.825507
Namur,50.3090424,4.8718068
Luxembourg,49.6516982,5.7780846
Namur,50.35009,4.96124
Brussels Capital Region,50.8425615,4.4068038
East Flanders,51.0088559,3.7022004
Antwerp,51.03804,4.34988
Namur,50.2340362,4.9169434
Hainaut,50.5461073,4.1827823
Flemish Brabant,50.8836808,4.4651238
Brussels Capital Region,50.8389106,4.3987892
Namur,50.19306145,4.5492821
Limburg,51.0711171,5.1252113
West Flanders,51.3550117,3.3012972
Luxembourg,49.5809615,5.75851656
Hainaut,50.50554,4.47881
Flemish Brabant,50.78959,4.830942
Limburg,51.064109,5.0941575
West Flanders,51.1066986,2.6196208
Flemish Brabant,50.8967746,4.3213161
Brussels Capital Region,50.7036116,4.35990369
Limburg,50.9849405,5.2585439
Hainaut,50.73562135,3.20246734
East Flanders,50.7698177,3.8745118
East Flanders,50.8959367,3.9430495
Namur,50.48915484,5.09483316
Hainaut,50.6408423,3.3732752
Brussels Capital Region,50.8081801,4.4022362
Liège,50.4391186,5.6153446
Hainaut,49.9453667,4.4309752
Hainaut,50.3864098,4.5801348
Brussels Capital Region,50.8291588,4.3399814
Limburg,50.8437792,5.2563551
West Flanders,51.2291934,2.9188524
Walloon Brabant,50.6081569,4.3471907
Brussels Capital Region,50.8578696,4.3896256
Brussels Capital Region,50.8512144,4.3742387
Brussels Capital Region,50.86744,4.37727
West Flanders,50.95027,3.13192
Liège,50.7173633,5.3977032
Antwerp,51.0699363,4.6113035
East Flanders,50.8535314,3.8986569
Hainaut,50.6803312,3.3098471
Hainaut,50.4431513,4.3972733
Antwerp,51.09082,4.84038
Namur,50.2368084,4.5373509
East Flanders,51.0624952,3.7287083
Luxembourg,50.2227146,5.3413263
Brussels Capital Region,50.84942,4.37587
Liège,50.6123769,5.7336368
Limburg,50.8797907,5.5266013
Hainaut,50.385473,3.7525313
Luxembourg,49.8825425,5.5500131
Brussels Capital Region,50.8287459,4.2994313
Antwerp,51.1382212,5.0667927
East Flanders,51.0025625,3.9798867
East Flanders,51.0323607,3.7265623
Namur,50.261903,4.908225
Antwerp,51.18233,4.905956
Namur,50.184568,5.008987
Walloon Brabant,50.6876027,4.6895092
Luxembourg,50.34828205,5.4013437
Antwerp,51.30496,4.840156
Liège,50.4915105,5.8580277
Luxembourg,49.591349,5.7233472
Brussels Capital Region,50.8502613,4.3899488
Antwerp,51.17313489,5.21334107
West Flanders,50.8114829,3.1856957
Limburg,51.24774,5.549133
Hainaut,50.3774699,4.4199018
Luxembourg,49.8419478,5.4348797
Liège,50.5260461,5.2327316
East Flanders,51.0102389,3.8770316
Antwerp,51.0276811,4.5526373
Hainaut,50.2004025,4.1728349
Liège,50.6764475,5.5440771
Brussels Capital Region,50.8644399,4.297447
West Flanders,50.7534915,3.370096
Limburg,51.092713,5.14554131
West Flanders,51.2134752,3.2035474
Antwerp,51.2888439,4.7219528
Brussels Capital Region,50.8779875,4.3477814
Limburg,50.9571254,5.4837954
Limburg,51.04027,5.176764
Limburg,50.7799435,5.4698393
Antwerp,51.07026,4.519905
Antwerp,51.0422512,4.5167521
West Flanders,51.0676581,2.9588745
Liège,50.6364889,5.5697128
Antwerp,51.2116383,4.4546374
Luxembourg,49.650609,5.7767055
Hainaut,50.4278907,4.1185307
Namur,50.3399089,5.3700431
Hainaut,50.4000125,3.7827922
Brussels Capital Region,50.8235717,4.3766927
Antwerp,51.2084605,4.4320993
Antwerp,51.23233,4.453866
Brussels Capital Region,50.8427501,4.3515499
Brussels Capital Region,50.8159202,4.3680719
Namur,50.3090424,4.8193953
Luxembourg,50.02142,5.369765
Namur,50.4531724,5.06310677
Flemish Brabant,50.99390857,4.32626152
Liège,50.6080657,5.6223987
Hainaut,50.4315093,4.44718
East Flanders,50.8311501,3.993735
Hainaut,50.3922481,4.4436699
Hainaut,50.3682434,4.2662585
Antwerp,51.2956499,4.5045383
Namur,50.39859,4.65956
East Flanders,50.9981779,3.6607803
Brussels Capital Region,50.868601,4.2911222
Hainaut,50.4219636,3.8449946
Brussels Capital Region,50.8493105,4.3009731
West Flanders,50.8512219,3.0966471
East Flanders,51.06426,3.697351
Flemish Brabant,50.77381,4.53475
Namur,50.43405,4.75922
Brussels Capital Region,50.8271186,4.3359633
Antwerp,51.1820808,4.3922583
Antwerp,51.2860794,4.415928
Antwerp,51.21388,4.424101
Antwerp,51.2466593,4.8255927
West Flanders,51.0890253,2.9715052
Namur,50.4833333,5.0833333
Walloon Brabant,50.62049,4.641217
Namur,50.18794,4.83151
Brussels Capital Region,50.8137837,4.3318123
Antwerp,51.21775,4.703263
Walloon Brabant,50.6039471,4.3367347
Hainaut,50.013495,4.1729605
Hainaut,50.3334575,4.351614
Luxembourg,49.6810154,5.8201985700000005
Limburg,51.0988586,5.7863233
Antwerp,51.2121606,4.4174626
Namur,50.4688519,4.63037504
Brussels Capital Region,50.8235717,4.3766927
Liège,50.6396667,5.5677136
Limburg,51.0422892,5.2319013
Luxembourg,50.3189364,5.4422752
Liège,50.4242688,5.52900284
Hainaut,50.7459126,3.219272
Namur,50.2956773,5.1008307
Brussels Capital Region,50.8,4.3333333
Namur,50.4833333,5.0833333
Hainaut,50.4771076,4.5363885
Brussels Capital Region,50.8522733,4.3756932
Liège,50.6208463,5.6004859
East Flanders,51.16616,4.136338
Brussels Capital Region,50.85882245,4.36509893
Antwerp,51.16578,4.98953
Antwerp,51.32402,4.953304
Namur,50.3032654,4.8976649
Antwerp,51.181321,4.85443333
Namur,50.17399355,4.40924685
Hainaut,50.4824696,3.6459245
Liège,50.529673,5.59092
Hainaut,50.7266687,3.5473105
Flemish Brabant,50.9295932,4.4288595
Limburg,51.0941749,5.7906713
West Flanders,50.7876399,3.1314938
Hainaut,50.4218194,4.57665088
Brussels Capital Region,50.8648307,4.3491892
Limburg,50.93078207,5.11552365
Liège,50.63330786,5.5756353
West Flanders,51.105553,2.6454746
Liège,50.6373271,5.594619
Antwerp,51.26519,4.783281
Brussels Capital Region,50.8167247,4.3404947
Hainaut,50.6379973,3.3788194
Hainaut,50.4225821,4.4051978
Antwerp,51.28398,4.414253
Luxembourg,50.35064,5.49306
Antwerp,51.13829,4.5636600000000005
Namur,50.37825,4.89876
East Flanders,50.88399,4.07438
Liège,50.4302211,6.0400343
Antwerp,51.1669095,4.9886252
Flemish Brabant,50.7631792,4.251915
Namur,50.1531605,5.219402
Liège,50.5773963,5.6744872
Hainaut,50.4513685,4.3870571
West Flanders,51.10096058,2.61990446
Luxembourg,50.3375163,5.5104824
Brussels Capital Region,50.832177,4.388949
Liège,50.40466255,5.5212591
Namur,50.4686653,4.911834
Luxembourg,50.3475,5.478466
Flemish Brabant,50.82927,4.992069
Antwerp,51.2296884,4.3791973
Limburg,51.0678008,5.2013392
Hainaut,50.6283597,3.7803846
Antwerp,51.19333,4.717116
Namur,50.4563673,4.871877
Walloon Brabant,50.679681,4.9799848
Antwerp,51.16482,4.94771
Luxembourg,49.6881779,5.3594142
West Flanders,51.185273,2.809933
Limburg,50.93272,5.347362
Flemish Brabant,50.92036,4.165042
Antwerp,51.32973,4.775261
Brussels Capital Region,50.85591773,4.30488336
Liège,50.6458534,5.6024737
Antwerp,51.21315,4.333376
West Flanders,50.782807,3.1641132
Liège,50.6482202,5.5873229
East Flanders,50.7743863,3.8890477
Brussels Capital Region,50.8235717,4.3766927
Flemish Brabant,50.92078,4.1865409
Hainaut,50.425877,3.7969506
East Flanders,50.9705528,3.735702
Liège,50.5481654,5.1261435
Liège,50.6897996,5.2607871
Namur,50.2340362,4.9169434
Liège,50.6113162,5.7089783
West Flanders,51.155251,2.9578078
Walloon Brabant,50.58947,4.641171
Namur,50.4355319,4.7601498
Namur,50.4460479,4.8992345
Liège,50.5904409,5.7470794
Brussels Capital Region,50.8301436,4.3402184
Liège,50.67529,5.6357800000000005
Brussels Capital Region,50.8142756,4.3606622
Antwerp,51.17429,4.437708
Brussels Capital Region,50.8569755,4.3193694
Liège,50.5810539,5.4000435
Luxembourg,50.02476536,5.50260265
Hainaut,50.722568,3.2326156
Hainaut,50.45533205,4.52756101
Antwerp,51.2924881,4.4825499
Antwerp,51.07759,4.3257
Hainaut,50.7047124,3.8348594
West Flanders,50.9502348,3.1200384
East Flanders,51.15714,4.204226
East Flanders,51.02547,4.005725
West Flanders,51.1200199,2.6378157
Liège,50.4734766,5.6736668
West Flanders,51.1083644,2.6076405
Hainaut,50.703152,2.8975904
Limburg,51.1401103,5.6023931000000005
Brussels Capital Region,50.86909,4.3415
Hainaut,50.4615274,4.4292815
Hainaut,50.4115866,4.3922304
Walloon Brabant,50.59825765,4.32942653
Walloon Brabant,50.7158951,4.6128257
Brussels Capital Region,50.84471976,4.31480458
Antwerp,51.22674,4.419718
Namur,50.50081,5.084708
Hainaut,50.1505494,4.3453094
Walloon Brabant,50.668081,4.6118324
Hainaut,50.4479352,3.8990501
Antwerp,51.18451,4.385418
Walloon Brabant,50.6886475,4.2745742
Antwerp,51.03045,4.473799
Hainaut,50.3830616,3.7175716
Hainaut,50.4780634,4.1568224
Walloon Brabant,50.6606296,5.0610884
Namur,50.0792595,4.5487643
Hainaut,50.4921338,4.1454392
Brussels Capital Region,50.8365808,4.308187
East Flanders,51.0539045,3.7178253
Flemish Brabant,50.90132,4.54779
Hainaut,50.742058,3.2169535
Brussels Capital Region,50.8235717,4.3766927
East Flanders,50.9650948,3.9877685
Namur,50.3364032,4.972503
West Flanders,51.1973562,3.1793237
Hainaut,50.6755806,3.2758222
East Flanders,50.9002291,4.057718
Brussels Capital Region,50.7840971,4.3262378
Brussels Capital Region,50.8648307,4.3491892
Liège,50.4882009,5.8713373
Liège,50.6052305,5.6232821
Limburg,51.1169942,5.1793864
Hainaut,50.4055222,4.3957235
Hainaut,50.5285674,4.2721491
Namur,50.3647074,5.2395547
Namur,50.5227672,4.7714124
Hainaut,50.6229047,3.3471214
West Flanders,51.3096395,3.1216893
Luxembourg,49.72958,5.648635
Limburg,51.0822614,5.3091598300000005
Liège,50.5846387,5.5033571
Antwerp,51.1985699,4.4077736
Walloon Brabant,50.7158951,4.6128257
Flemish Brabant,50.785597,4.2834258
Hainaut,50.44801004,3.85170352
Luxembourg,50.2771489,5.9107661
Flemish Brabant,50.79408,4.251788
Namur,50.49691929,5.09348343
Antwerp,51.32144,4.937825
Luxembourg,49.6833333,5.8166667
West Flanders,50.9926779,3.2632546
Luxembourg,50.34827575,5.402963
Luxembourg,49.68463,5.8107163
Limburg,51.2351486,5.3743907
Hainaut,50.1432753,4.2667079
East Flanders,51.0103403,3.6374217
Brussels Capital Region,50.8546115,4.3457213
Luxembourg,49.9030547,5.1297425
Antwerp,51.1125773,4.3302691
Brussels Capital Region,50.8,4.3333333
Luxembourg,49.8550422,5.256173
Liège,50.6478362,5.56576036
West Flanders,51.1929582,3.2544893
West Flanders,51.1294939,2.7545978
Brussels Capital Region,50.8501349,4.312363
Namur,50.59212,4.680073
Brussels Capital Region,50.8351978,4.2773309
Liège,50.6411459,5.5467582
Brussels Capital Region,50.8207815,4.4297945
Hainaut,50.3922481,4.4436699
Limburg,51.1021795,5.6937865
Limburg,51.0894094,5.7044628
Liège,50.6357271,5.5675094
Antwerp,51.2843267,4.6689201
Hainaut,50.4558192,4.5559932
Flemish Brabant,50.8913329,4.46205
East Flanders,51.209082,3.4486611
Brussels Capital Region,50.8353806,4.3006381
Namur,50.03169,4.92063
Hainaut,50.44181,4.39009
Brussels Capital Region,50.823986,4.3345785
Hainaut,50.41218,4.440002
Brussels Capital Region,50.82845,4.29603
Brussels Capital Region,50.828094,4.28403082
Namur,50.33288,4.90546
Hainaut,50.4651326,3.819834
Brussels Capital Region,50.8274012,4.2864578
Antwerp,51.15967,4.66559
Walloon Brabant,50.68736,4.48135
Flemish Brabant,50.8698353,4.1808317
West Flanders,51.3353072,3.2074552
West Flanders,51.1436657,2.7324491
West Flanders,51.1024171,3.0326091
Namur,50.3756621,4.8674002
Antwerp,51.2915527,4.5017987
Liège,50.6837494,5.6707829
West Flanders,51.1048526,2.6171564
East Flanders,51.08502,3.922192
Flemish Brabant,50.95,4.2333333
West Flanders,50.8585645,2.8716118
Liège,50.7156522,6.0329287
Namur,50.47815297,4.7019598
Liège,50.5446984,5.615245
Antwerp,51.211041,5.1716104
West Flanders,51.1062808,2.6201938
Hainaut,50.6110195,3.40258
Hainaut,50.6319712,3.9960425
Namur,50.4299689,4.7942458
Liège,50.6766673,5.8836517
Limburg,50.7215252,5.1311593
Luxembourg,50.2282896,5.3441606
East Flanders,50.9467656,3.815505
Brussels Capital Region,50.8290184,4.3097665
Antwerp,51.0223913,4.4848344
Liège,50.620416,5.003559
West Flanders,51.2143329,3.2270302
West Flanders,51.1269943,3.0131408
Flemish Brabant,50.8778378,4.2816721
Hainaut,50.36839,3.69813
Hainaut,50.39072,4.51635
East Flanders,50.77177,3.879573
Hainaut,50.2190423,4.2497858
East Flanders,51.1290731,3.863266
Flemish Brabant,50.7842441,4.242743
East Flanders,51.0402827,3.7115852
Namur,50.4143728,4.8877835
Antwerp,51.072092,4.2861786
Namur,50.29706,5.31904
East Flanders,51.0860899,3.7287292
Namur,50.1181602,5.2559665
Flemish Brabant,50.91355,4.11122
Namur,50.3809821,4.8891474
East Flanders,51.0899839,3.8062593
Antwerp,51.30832,4.838655
Brussels Capital Region,50.87031,4.33644
West Flanders,51.3314541,3.2043599
Liège,50.6238012,5.5239555
East Flanders,51.0308552,3.7674868
Liège,50.59694865,5.86735394
Liège,50.6003583,5.536344
Liège,50.413776,6.1127598
Hainaut,50.43131159,4.46937806
Liège,50.5804086,5.426706
East Flanders,51.12115015,3.72027837
Hainaut,50.4094073,4.47773816
Hainaut,50.64325,4.06922
Liège,50.5308248,5.5668357
Liège,50.3469263,5.9095166
Brussels Capital Region,50.838012,4.4344705
Luxembourg,49.6553679,5.7710354
Hainaut,50.6428029,4.2026759
Hainaut,50.4123483,4.5178866
Antwerp,51.17536,4.364244
East Flanders,50.9288965,4.06476
Brussels Capital Region,50.8926966,4.3329317
Hainaut,50.6056059,3.3880367
East Flanders,50.7781271,3.8032572
Hainaut,50.608334,4.141006
Limburg,50.74668,5.130219
Antwerp,51.09705,4.994194
Antwerp,51.17871,4.347395
East Flanders,51.1311016,3.8569462
Brussels Capital Region,50.8235717,4.3766927
Namur,50.3174893,4.6464726
Liège,50.6373781,5.5345477
Luxembourg,49.7229623,5.7583222
West Flanders,51.14276,3.3407400000000003
Hainaut,50.4102913,4.3219417
Walloon Brabant,50.7109736,4.5306325
Namur,50.29559,4.78211
Namur,50.1873931,4.8326043
Antwerp,51.2064982,4.4181782
East Flanders,50.9050489,3.7395909
Brussels Capital Region,50.8548971,4.4311516
Limburg,50.8025409,5.5697054
Liège,50.6749546,5.7096216
Luxembourg,50.07437045,5.30437451
Brussels Capital Region,50.8,4.3166667
Flemish Brabant,50.976812,4.826348
Brussels Capital Region,50.8243236,4.4064696
Namur,50.3742,5.06885
Luxembourg,50.1670102,5.41552
East Flanders,50.8357911,3.6176827
Luxembourg,50.35064,5.49306
Hainaut,50.1703712,4.3173067
West Flanders,51.1328167,2.6702454
Antwerp,51.1591,4.400494
West Flanders,50.9813289,2.7461494
West Flanders,50.7513187,3.3657872
West Flanders,51.348749,3.2875148
Brussels Capital Region,50.8238624,4.3026467
West Flanders,51.2496697,3.2308337
Hainaut,50.6619166,3.3640454
Luxembourg,49.6833333,5.8166667
West Flanders,51.3504014,3.2901147
Walloon Brabant,50.6838529,4.3178125
East Flanders,51.21231,4.2528572
Namur,49.6277068,5.69681445
Liège,50.5932164,5.5095061
West Flanders,50.8554503,3.3125602
Liège,50.622608,5.0111969
West Flanders,51.2174374,2.8812616
Hainaut,50.4443909,3.8645777
West Flanders,51.1441765,2.7557238
Namur,50.42853,4.6388
Walloon Brabant,50.69054,4.2026
Brussels Capital Region,50.8300545,4.3616733
Brussels Capital Region,50.83608,4.35986
Namur,50.0702051,4.4020329
West Flanders,51.3165182,3.1321066
Antwerp,51.2098772,4.4163301
Namur,50.13635,4.49266379
Antwerp,51.05151,4.7752300000000005
Hainaut,50.7459126,3.219272
Antwerp,51.1728522,4.4665225
West Flanders,50.9180902,3.2148534
Brussels Capital Region,50.8395191,4.4493063
Namur,50.4260307,4.9509671
Antwerp,51.2309182,4.4660277
Namur,50.34597,4.7407
Brussels Capital Region,50.7127094,4.5360168
Namur,50.1003926,4.9059609
East Flanders,51.065313,3.9300989
West Flanders,51.1145847,2.6189428
Flemish Brabant,50.9313532,4.8171177
Antwerp,51.18447,4.442162
Luxembourg,49.9120776,5.6041618
Hainaut,50.3400708,4.2919056
Brussels Capital Region,50.7916277,4.3689174
Hainaut,50.4514729,3.9441137
Antwerp,51.191087,5.1170647
East Flanders,51.070666,3.468497
Walloon Brabant,50.6,4.6333333
Antwerp,51.29658,4.498079
East Flanders,51.26351698,4.10933258
East Flanders,51.0906656,3.7607501
Limburg,50.9278263,5.1687448
West Flanders,51.3457271,3.2632807
East Flanders,51.15516,4.156734
Brussels Capital Region,50.8099457,4.3567681
Namur,50.4843601,5.09126185
Brussels Capital Region,50.8301436,4.3402184
Flemish Brabant,50.8071887,4.277811
Liège,50.576141,5.3617473
Walloon Brabant,50.71469,4.3991
Liège,50.43329,6.11029
Hainaut,50.43634,3.82627
Brussels Capital Region,50.832177,4.388949
East Flanders,51.0308552,3.7674868
Antwerp,51.36223,4.902133
Hainaut,50.5678375,4.2748602
Liège,50.6380952,5.5579304
Antwerp,51.1836595,4.3896044
Namur,50.5003106,4.6395677
East Flanders,51.0897719,3.6943414
Liège,50.6475942,5.5872425
Liège,50.5882715,5.6059364
Hainaut,50.2588492,4.1565524
Walloon Brabant,50.6716912,4.6053881
Brussels Capital Region,50.8703247,4.336441
Hainaut,50.4804579,4.4302957
Hainaut,50.3534098,4.50324555
Liège,50.6436971,5.6825696
East Flanders,51.06089375,3.6593824
Brussels Capital Region,50.8235717,4.3766927
Liège,50.6328378,5.5837721
Antwerp,51.0356795,4.4994196
West Flanders,50.9095,3.36977
Antwerp,51.211041,5.1716104
East Flanders,50.7444898,3.6050731
East Flanders,50.9696451,3.7340442
Brussels Capital Region,50.890858,4.3727832
Luxembourg,49.67813,5.861669
Liège,50.6960053,5.2375418
Namur,50.2340362,4.9169434
Brussels Capital Region,50.8244385,4.3284086
Brussels Capital Region,50.9011003,4.3549109
Walloon Brabant,50.6348554,4.6107385
Liège,50.5394994,5.6542143
Antwerp,51.0277811,4.6611785
Limburg,51.1183684,5.250695
West Flanders,51.27707,3.027845
Brussels Capital Region,50.8758759,4.3760027
Limburg,51.0197869,5.7428896
Antwerp,51.32402,4.953304
Hainaut,50.6056059,3.3880367
Antwerp,51.04734,4.28264
East Flanders,50.7544649,3.6198467
Brussels Capital Region,50.8581527,4.3028775
West Flanders,50.84212,3.4027673
Hainaut,50.7459126,3.219272
East Flanders,51.0906656,3.7607501
Luxembourg,50.091996,5.5084948
Hainaut,50.65027,3.304075
Liège,50.5981145,5.5327814
Limburg,50.93475,5.586884
Luxembourg,49.6833333,5.8166667
Antwerp,51.3638021,4.7715194
Brussels Capital Region,50.8479436,4.378204
Flemish Brabant,50.8596662,4.4505529
Flemish Brabant,50.84428,4.51373
Hainaut,50.4088025,4.4486494
West Flanders,50.8474862,3.4393626
West Flanders,51.2971568,3.0827104
East Flanders,51.0195713,4.0120083
Liège,50.7128684,5.7234268
Liège,50.6744099,5.584525
Antwerp,51.17877595,4.84112144
East Flanders,51.0103403,3.6374217
Antwerp,51.21091,4.400126
Brussels Capital Region,50.8446404,4.3783009
Limburg,50.89956,5.354709
Liège,50.6411541,5.594787
Antwerp,51.0590842,4.6621329
Hainaut,50.4556897,4.2420577
Hainaut,50.4666641,4.2259418
Hainaut,50.6448071,3.283159
West Flanders,51.1033275,2.6170718
West Flanders,51.2140036,2.8995572
Luxembourg,50.0047718,5.7187497
Liège,50.6702172,5.5862988
Luxembourg,49.6835252,5.81421499
Luxembourg,50.3347737,5.4337273
Limburg,51.22993,5.309978
Antwerp,51.2283484,4.4630625
East Flanders,50.9906554,3.7611625
Antwerp,51.18194,4.835991
Limburg,50.894582,5.6475677
Antwerp,51.2340618,4.46881591
West Flanders,51.1265104,3.3712613
Limburg,50.77792271,5.47220255
West Flanders,50.7952848,3.108811
Liège,50.5394994,5.6542143
Hainaut,50.4285121,4.4712797
Luxembourg,50.0005973,5.7152666
Liège,50.6163963,5.4434096
Hainaut,50.4497579,3.8526649
Limburg,50.9264,5.5518456
Hainaut,50.469385,4.1892216
Brussels Capital Region,50.8532312,4.3048728
Antwerp,51.22639,4.416991
East Flanders,51.0769076,3.4323446
Antwerp,51.20982,5.172112
Hainaut,50.6056059,3.3880367
Liège,50.5674999,5.627883
Namur,50.4314708,4.86456283
West Flanders,51.3418237,3.2902286
Brussels Capital Region,50.8995997,4.3544115
Antwerp,51.2319696,4.3792114
Antwerp,51.17601,4.744499
Hainaut,50.4209014,4.4256483
West Flanders,51.2603864,3.0070213
Luxembourg,50.3551778,5.5661162
Luxembourg,49.9121611,5.56559828
Antwerp,51.0125828,4.7096432
Antwerp,51.054027,4.633303
Luxembourg,50.2802933,5.9074452
East Flanders,50.9874768,3.539389
Antwerp,51.07099,4.357787
West Flanders,50.9262144,3.2216244
Brussels Capital Region,50.8722358,4.3259839
Luxembourg,50.33840739,5.50341822
Liège,50.6017394,5.6865649
Namur,50.2775084,5.0691768
Antwerp,51.22003,4.38243
Brussels Capital Region,50.83386,4.32361
Brussels Capital Region,50.83386,4.32361
Hainaut,50.4362266,3.9240678
Antwerp,51.21148,4.453955
Hainaut,50.43508085,3.68281834
Antwerp,51.3538795,4.4473147
West Flanders,50.9977196,3.4226322
Antwerp,51.09644,4.945124
Hainaut,50.5282305,3.645149
Liège,50.5680568,5.7166415
Hainaut,50.3886584,4.405458
Brussels Capital Region,50.8528993,4.3848872
Liège,50.5201717,5.6657619
Luxembourg,50.1074619,5.83739885
Namur,50.3756621,4.8674002
Liège,50.6395,5.53545
East Flanders,50.76834,3.861733
Namur,49.9201605,4.9744646
Liège,50.5794278,5.8639273
East Flanders,50.9882164,3.9326683
Liège,50.66591,5.62306
Luxembourg,49.7080124,5.2762101
Brussels Capital Region,50.8,4.3333333
Walloon Brabant,50.5886574,4.3308649
Namur,50.3777222,4.9421604
East Flanders,50.9732481,3.9144355
Brussels Capital Region,50.8515792,4.4408888
Antwerp,51.2586997,4.6008521
West Flanders,51.1080152,2.6141538
Luxembourg,50.2517425,5.8711513
Brussels Capital Region,50.8501015,4.4295911
Hainaut,50.7292406,3.6449221
Antwerp,51.0545366,4.3480461
Liège,50.6698288,5.5876577
East Flanders,50.7707855,3.4823500000000003
Liège,50.6411077,5.5858029
Brussels Capital Region,50.8050352,4.4342167
Namur,50.1958462,4.5430358
Antwerp,51.25151,4.443752
Luxembourg,50.05409,5.52323872
Hainaut,50.6056059,3.3880367
Flemish Brabant,50.9690018,4.1912341
East Flanders,51.21481,4.124232
Antwerp,51.0795165,4.783883
Luxembourg,50.0042931,5.7205684
Brussels Capital Region,50.8747904,4.30136
Namur,50.23785225,4.89418267
Luxembourg,50.01578,5.704471
Flemish Brabant,50.886068,4.4646621
West Flanders,51.1235156,2.6416008
West Flanders,51.2348655,2.9202754
Liège,50.5964111,5.4863183
Namur,50.1596036,5.2221665
Hainaut,50.6056059,3.3880367
Liège,50.5934775,5.854885
Namur,50.4143728,4.8877835
East Flanders,50.9419703,4.0357907
Namur,50.21651,4.985589
Flemish Brabant,51.0305467,4.977454
West Flanders,50.8900277,3.4289039
Flemish Brabant,50.8668345,5.0963896
West Flanders,51.1151107,2.6374225
Brussels Capital Region,50.8503599,4.3560881
Antwerp,51.015941,4.70975
Limburg,50.7889926,5.4780992
Brussels Capital Region,50.8427501,4.3515499
Liège,50.7089973,5.3904922
Hainaut,50.7459126,3.219272
Walloon Brabant,50.71469,4.3991
East Flanders,51.0519334,3.7266061
Antwerp,51.314171,4.89292
Antwerp,51.04309,4.32204
Brussels Capital Region,50.8533908,4.3011827
East Flanders,50.7454342,3.5917397
Brussels Capital Region,50.874464,4.399615
West Flanders,50.99497,3.26764
West Flanders,51.1234981,2.7499109
Namur,50.05,4.4833333
Limburg,50.99062,5.382923
Antwerp,51.2399966,4.4384838
Luxembourg,49.8827626,5.5498335
West Flanders,51.0980018,2.5917697
Namur,50.2384651,4.9063851
Luxembourg,50.28564,5.51107
Liège,50.538381,5.2924522
West Flanders,51.2984569,3.0807946
West Flanders,51.12928,2.75001
Brussels Capital Region,50.86744,4.37727
West Flanders,51.3123743,3.1327685
Hainaut,50.4278647,4.4159978
Antwerp,51.16468,4.452318
Luxembourg,50.30574,5.39912
Hainaut,50.4794363,4.1462924
East Flanders,50.96589,3.97743
Liège,50.5991513,5.6300552
Walloon Brabant,50.71635,4.614543
Namur,50.15952,5.06089
Liège,50.5102601,5.147288
Liège,50.4641038,5.8116672
Flemish Brabant,50.9533758,4.3080779
Brussels Capital Region,50.8990739,4.3533764
East Flanders,51.2114889,4.2502571
Flemish Brabant,50.8726304,4.1320937
West Flanders,51.3443381,3.2675317
West Flanders,51.132152,2.7490255
Luxembourg,49.5792831,5.8497214
Namur,49.9987105,4.956557
East Flanders,50.7467586,3.5744708
Namur,50.4630907,4.6786862
West Flanders,51.3373647,3.314581
Liège,50.64097104,5.57416649
Luxembourg,50.1811501,5.6710848
Namur,50.552108,4.9855088
Brussels Capital Region,50.852403,4.4101996
Brussels Capital Region,50.8516849,4.400229
Antwerp,51.2207503,4.41715577
Hainaut,50.3795312,4.4601194
West Flanders,51.0921658,3.0635871
Flemish Brabant,50.8925616,4.101424
Hainaut,50.4443909,3.8645777
Flemish Brabant,50.7840991,4.2929446
Antwerp,51.1629352,5.1862543
Limburg,51.0710566,5.123751
Antwerp,51.2974656,4.77811732
Antwerp,51.2207503,4.41715577
Brussels Capital Region,50.8489226,4.3484138
Limburg,51.03614,5.28785
Liège,50.6109195,5.779297
Flemish Brabant,51.0171415,4.8005014
Luxembourg,50.3503941,5.4910426
Namur,50.32579759,4.87506224
Flemish Brabant,50.8536936,4.5412236
Brussels Capital Region,50.868633,4.3748393
Limburg,50.7889623,5.379834
Liège,50.4709385,5.6766217
Namur,50.2960676,5.1045276
Luxembourg,50.1850209,5.9408333
Antwerp,51.211041,5.1716104
Brussels Capital Region,50.8,4.3166667
Brussels Capital Region,50.8606869,4.3940009
Luxembourg,50.3385555,5.4435938
West Flanders,51.0877984,2.9696198
Brussels Capital Region,50.8335463,4.3117188
East Flanders,50.7708421,3.8839534
Liège,50.715988,5.5793273
Liège,50.6840264,5.6067782
Liège,50.4455364,5.6050676
Antwerp,51.0633847,4.7210601
Brussels Capital Region,50.8176615,4.4378061
Antwerp,51.44364,4.738651
East Flanders,51.1254704,4.1999809
Brussels Capital Region,50.8743332,4.3762538
West Flanders,51.1581794,2.9668128
Hainaut,50.6243152,3.7880763
Namur,50.446734,4.630735
Luxembourg,49.7058195,5.1922229
Limburg,50.8180467,5.143459
East Flanders,50.9599484,3.9687041
Luxembourg,49.8372537,5.4583947
Liège,50.6658873,5.4557252
West Flanders,51.1706646,2.7803696
Liège,50.6113887,5.6691673
Antwerp,51.10488,5.00503
East Flanders,50.8511891,3.8196986
East Flanders,50.7653937,3.8390371
East Flanders,50.92634,3.663113
Brussels Capital Region,50.8423921,4.3332546
Liège,50.6584959,5.6249363
Liège,50.2797224,6.130456
Antwerp,51.32402,4.953304
Brussels Capital Region,50.8592932,4.3140204
Antwerp,51.29658,4.498079
Antwerp,51.230252,4.4170226
Namur,50.0360536,4.9344226
Brussels Capital Region,50.8,4.3166667
West Flanders,51.3400904,3.2307294
Liège,50.6350757,5.5628874
Liège,50.5967705,5.631794
Antwerp,51.22959,4.463756
Liège,50.4334654,5.6631427
Namur,50.0015653,4.9508086
Limburg,51.1913215,5.3966251
Luxembourg,49.6833333,5.8166667
Luxembourg,50.1811501,5.6710848
West Flanders,51.206488,3.2170178
Liège,50.538485,5.2776519
Antwerp,51.05465,4.979494
Brussels Capital Region,50.8439815,4.3152441
Antwerp,51.30878,4.477069
Liège,50.4052029,5.52468115
Antwerp,51.31347,4.892829
Brussels Capital Region,50.86744,4.37727
Antwerp,51.2282564,4.3831054
Liège,50.5506881,5.1875033
Namur,49.99766264,4.46889557
Antwerp,51.27268,4.636722
Antwerp,51.0633,4.586565
Namur,50.1589505,5.2211917
Antwerp,51.164768,4.989791
Brussels Capital Region,50.8379843,4.3914783
Brussels Capital Region,50.8808582,4.3227894
Liège,50.577462,5.6735091
Antwerp,51.1725,4.355282
Brussels Capital Region,50.8235717,4.3766927
West Flanders,50.7460655,2.8252871
Liège,50.6350757,5.5628874
Luxembourg,49.5682977,5.55041034
East Flanders,51.0741052,4.0394664
East Flanders,50.8513733,3.8195493
Limburg,51.0197869,5.7428896
Hainaut,50.4100558,4.3249526
Hainaut,50.05219565,4.33254167
Brussels Capital Region,50.8322247,4.3870891
Brussels Capital Region,50.8726283,4.404681
Namur,49.8422997,4.9731883
Namur,50.4674593,4.8718068
Hainaut,50.5313319,4.4428686
Luxembourg,50.2921186,5.9199841
Antwerp,51.1821185,4.39143903
Walloon Brabant,50.7235257,4.864936
Hainaut,50.4992803,3.6598433
Luxembourg,50.0748199,5.3071501
Liège,50.6974953,5.2563227
Liège,50.5987414,5.8742007
West Flanders,50.85098,3.353722
Brussels Capital Region,50.8576621,4.3721939
Namur,50.05854855,4.5342141300000005
Walloon Brabant,50.7057035,4.6152691
Namur,50.23319,4.89233
East Flanders,51.02334,3.69483
Hainaut,50.5645095,3.74316875
Luxembourg,50.22604,5.34468
East Flanders,50.9174981,4.0695649
Hainaut,50.4322196,4.0668298
Hainaut,50.5719086,3.5002803
Brussels Capital Region,50.8701884,4.3067985
Namur,50.1596036,5.2221665
West Flanders,50.99497,3.26764
East Flanders,51.1629852,3.8278293
Brussels Capital Region,50.832177,4.388949
Hainaut,50.4824696,3.6459245
West Flanders,51.2171649,3.2104467
Namur,50.440474,5.0643005
Brussels Capital Region,50.8354294,4.3210329
Antwerp,51.05786,4.6676400000000005
Hainaut,50.6947227,4.0418874
Limburg,51.0846644,5.7032979
Brussels Capital Region,50.8278949,4.3994553
Brussels Capital Region,50.8295383,4.3775701
Brussels Capital Region,50.8563328,4.3677322
Namur,50.4671846,4.6974747
West Flanders,51.2984569,3.0807946
Hainaut,50.02576,4.32792
Liège,50.5460859,5.3182455
West Flanders,50.8486528,3.3813676
Namur,50.06931324,4.84758124
East Flanders,51.2135474,4.2345
Liège,50.7154609,6.011693
West Flanders,51.1259394,2.661809
Hainaut,50.7459126,3.219272
Antwerp,51.2231606,4.439898
Hainaut,50.3391452,4.3930009
Brussels Capital Region,50.8166408,4.3265268
Liège,50.71255,6.07999
Brussels Capital Region,50.8116643,4.3620547
Brussels Capital Region,50.8495898,4.3155308
East Flanders,51.0871862,3.6508662
Liège,50.6931675,5.2868612
Liège,50.6253017,5.6163106
Limburg,51.0549045,5.7395972
Antwerp,51.0687135,4.6167859
Namur,50.4958779,4.8901822
Brussels Capital Region,50.8934211,4.3202957
Brussels Capital Region,50.8563526,4.3635896
West Flanders,51.05865,3.2748
Luxembourg,49.63278225,5.83374848
Hainaut,50.6112501,4.0569092
Limburg,51.1174433,5.6468886
Hainaut,50.3968073,4.4469989
Luxembourg,49.56661825,5.5333251
Flemish Brabant,51.0185233,4.6856527
Brussels Capital Region,50.8,4.3333333
East Flanders,50.8542675,3.6081352
Namur,50.05,4.4833333
Walloon Brabant,50.7160643,4.6899387
Brussels Capital Region,50.8717739,4.3261712
Liège,50.4320539,6.1696733
West Flanders,51.1223496,2.6409621
Liège,50.637058,5.5165071
Brussels Capital Region,50.832327,4.4528542
Limburg,51.1207909,5.2265578
Hainaut,50.4776873,4.1973996
Antwerp,51.3335163,4.8408047
Liège,50.5220439,5.2446679
Limburg,50.97209,5.116283
West Flanders,51.1165973,2.636706
Flemish Brabant,50.944256,4.6151277
Antwerp,51.2282564,4.3831054
East Flanders,51.21471,4.252182
Limburg,51.07337,5.079859
Limburg,50.9816191,5.2908629
Namur,50.214534,4.7729224
East Flanders,50.9324,3.94607
West Flanders,50.7661715,3.4421892
Liège,50.5287372,5.2588542
Walloon Brabant,50.6924731,4.6030847
Namur,50.4293664,4.6373377
Hainaut,50.6250532,3.3037827
Hainaut,50.4484819,3.9421241
East Flanders,51.050691,3.7014931
Antwerp,51.32402,4.953304
Liège,50.6085875,5.5551666
Flemish Brabant,50.7477711,4.0998655
Luxembourg,50.3448754,5.42614978
Antwerp,51.12426442,4.48305528
Brussels Capital Region,50.8718352,4.3292409
Antwerp,51.13437,4.570032
Walloon Brabant,50.6969022,4.3538379
West Flanders,50.9156931,3.224892
East Flanders,51.0535058,3.7169045
Luxembourg,50.18586,5.40707
Limburg,50.9216785,5.1235921
Hainaut,50.7281602,3.3048918
Liège,50.397493,5.3971822
Flemish Brabant,50.8066331,4.2779068
Namur,50.39859,4.65956
Hainaut,50.1759554,4.3253083
Hainaut,50.4416806,4.3859076
Liège,50.6202484,5.9411896
Liège,50.6402548,5.58269086
Limburg,50.969278,5.6619185
Walloon Brabant,50.7158951,4.6128257
Limburg,50.7830641,5.4601613
Antwerp,51.3309701,4.7787641
East Flanders,51.1023413,3.9940663
Brussels Capital Region,50.8118072,4.4103874
Hainaut,50.0470127,4.3221847
Brussels Capital Region,50.817175,4.425082
Namur,50.2390518,4.4936392
Hainaut,50.4055222,4.3957235
Limburg,50.9317409,5.352981
Limburg,50.8297164,5.2035501
Liège,50.6021822,5.63273527
Hainaut,50.5724436,3.6814062
Luxembourg,49.843863,5.4529364
Brussels Capital Region,50.8201621,4.362727
Brussels Capital Region,50.80923,4.3461158
West Flanders,51.3399277,3.2380664
Limburg,51.22095,5.296214
Liège,50.6397057,5.5749074
Liège,50.69757,5.25553
Antwerp,51.2121899,4.4112142
Namur,50.1656538,4.5590954
Namur,50.19197,4.84295
Walloon Brabant,50.68736,4.48135
Antwerp,51.32973,4.775261
Limburg,50.99202,5.250709
West Flanders,50.9781,3.08155
Hainaut,50.4427249,4.4370311
Brussels Capital Region,50.8522733,4.3756932
Flemish Brabant,50.9137847,4.103951
Namur,50.21628,4.8142700000000005
Liège,50.5777595,5.830311
Limburg,51.0994229,5.7968058
Brussels Capital Region,50.8379147,4.3975821
West Flanders,51.143657,3.1360764
Luxembourg,49.6254508,5.6946213
West Flanders,50.82245,3.261168
Namur,50.1003926,4.9059609
Antwerp,51.16051,4.989314
Liège,50.7000565,5.4930515
Hainaut,50.4397031,4.5294166
Hainaut,50.462154,3.8103333
Luxembourg,49.6833333,5.8166667
Brussels Capital Region,50.8,4.3333333
Liège,50.6928419,5.2648494
Liège,50.5782617,5.6726654
Antwerp,51.41212,4.613617
Liège,50.638798,5.514874
Liège,50.7023808,5.64487
Luxembourg,50.3475,5.478466
Luxembourg,49.699826,5.307307
Antwerp,51.1994604,5.1315513
Liège,50.7507707,5.976513
Namur,50.0924472,4.6685843
Luxembourg,49.9444556,5.6202645
Walloon Brabant,50.54637,4.53506
Antwerp,51.19433,4.488998
Hainaut,50.0844529,4.2660214
West Flanders,51.2153634,2.9065505
Brussels Capital Region,50.8569755,4.3193694
Liège,50.5186775,5.2396514
Namur,50.03256915,4.6715371900000005
Liège,50.507161,5.4198582
Antwerp,51.1288653,4.4539746
Liège,50.4888628,5.0953471
Brussels Capital Region,50.8308641,4.3616192
Liège,50.5586829,5.6387873
Luxembourg,49.9230008,5.3789188
Liège,50.6565366,5.1233082
Liège,50.6426715,5.4850487
Namur,50.18956723,4.8303673400000005
Namur,50.0519143,4.49355
Hainaut,50.42396816,4.43894993
Namur,50.43007469,4.65663218
Brussels Capital Region,50.8,4.3333333
East Flanders,50.8695474,3.8107094
Flemish Brabant,50.9557053,4.454556
Brussels Capital Region,50.8368495,4.3407164
Antwerp,51.1514726,4.4606191
Namur,50.2956773,5.1008307
Hainaut,50.7056104,3.2651434
Namur,50.29753595,5.31720927
Luxembourg,49.6827109,5.8166012
Antwerp,51.0593446,4.3657301
West Flanders,51.1055345,2.6455088
Brussels Capital Region,50.8776838,4.3376204
Brussels Capital Region,50.8552229,4.3037255
Antwerp,51.16476685,4.94434718
West Flanders,51.2149166,2.9053896
Flemish Brabant,50.8339917,4.2315656
Walloon Brabant,50.71469,4.3991
Brussels Capital Region,50.8365808,4.308187
West Flanders,51.2166476,2.9224735
Luxembourg,50.2549523,5.6472368
Hainaut,50.6283597,3.7803846
Antwerp,51.1938398,4.5342623
Antwerp,51.2104665,4.3282344
Antwerp,51.09386,4.353985
Brussels Capital Region,50.8603425,4.3520934
Hainaut,50.4055556,3.8747222
Namur,50.4392926,5.1260777
Namur,50.170825,4.45669889
Liège,50.605783,5.513768
Namur,50.0630873,4.51459259
Antwerp,51.28985,4.49045
Namur,50.2780413,5.3472432
East Flanders,50.7497709,3.6040642
Limburg,51.11847,5.366822
West Flanders,51.3123743,3.1327685
Hainaut,50.54287903,4.35990783
Hainaut,50.7459126,3.219272
Liège,50.6039239,5.6352464
West Flanders,51.1315697,3.0259887
Limburg,51.0428884,5.6441137
Namur,50.4674593,4.8718068
East Flanders,51.0126419,3.7837947
Liège,50.3741982,5.8707672
Antwerp,51.21904,4.671427
Brussels Capital Region,50.86744,4.37727
Namur,50.3109255,4.4913638
Brussels Capital Region,50.86744,4.37727
Luxembourg,50.00442328,5.72139295
Namur,50.3363,4.98662
West Flanders,51.3364359,3.2839036
Brussels Capital Region,50.8182948,4.4181435
Hainaut,50.0844529,4.2660214
West Flanders,51.22952,2.9115
Brussels Capital Region,50.8254049,4.3313966
West Flanders,51.1145847,2.6189428
Luxembourg,50.35031425,5.48619038
Hainaut,50.608334,4.141006
Liège,50.6009294,5.4680595
Namur,50.4593187,4.83733
Luxembourg,50.3475,5.478466
Antwerp,51.2811679,4.4496224
West Flanders,50.82764,3.262494
East Flanders,50.8916906,4.0033986
Liège,50.6411213,5.5454575
Liège,50.6816693,5.9875637
Namur,50.25857,4.91375
Luxembourg,50.1294741,5.3441212
Walloon Brabant,50.67508,4.572663
Hainaut,50.722568,3.2326156
Namur,50.4737369,4.8360184
Hainaut,50.4015154,3.850527
Brussels Capital Region,50.83536,4.34443
East Flanders,50.9654803,3.9439132
Walloon Brabant,50.71469,4.3991
Antwerp,51.1692603,4.9896809
East Flanders,50.916524,4.0761743
Brussels Capital Region,50.8558976,4.351503
Liège,50.7818507,5.6957368
Luxembourg,50.02501089,5.83168899
East Flanders,51.1268991,4.2082201
Brussels Capital Region,50.858324,4.3116916
Luxembourg,50.0615611,5.7508526
Luxembourg,49.6819951,5.8121141
Hainaut,50.7459126,3.219272
Antwerp,51.3290004,4.3805155
Luxembourg,50.2275664,5.3412092
Liège,50.60864929,5.71143902
Limburg,50.820424,5.1944174
Liège,50.5906817,5.429133
West Flanders,51.3144081,3.2972422
Hainaut,50.61475775,3.78890101
Namur,50.1706243,5.2110553
Hainaut,50.4274933,4.4463928
East Flanders,50.8872943,3.510709
East Flanders,50.93363,4.04746
Antwerp,51.0166667,4.55
East Flanders,50.9451105,3.8633024
Liège,50.65953535,5.5181347800000005
Walloon Brabant,50.7385816,4.6972809
West Flanders,50.9095,3.36977
Liège,50.6350757,5.5628874
West Flanders,51.1067954,2.6074222
Liège,50.677882,6.1280873
Hainaut,50.37438265,4.23809293
Limburg,51.14099,5.59802
Luxembourg,50.12956508,5.34405313
Namur,50.2451448,4.6468567
Antwerp,51.20275,4.479937
East Flanders,50.9654803,3.9439132
Hainaut,50.6056059,3.3880367
Antwerp,51.46668,4.487343
Limburg,51.1056228,5.6993875
East Flanders,50.97971,4.04655
Hainaut,50.4306618,3.7656597
Limburg,51.0759275,5.2539428
East Flanders,51.0867792,3.7289545
Luxembourg,49.69312,5.809254
Antwerp,51.221709,4.4168627
Brussels Capital Region,50.82912,4.30866
Brussels Capital Region,50.8070185,4.3467404
Liège,50.56485355,5.61482225
Flemish Brabant,50.9392046,4.4385223
Antwerp,51.18082729,4.60703472
West Flanders,51.2986936,3.0809252
Liège,50.5294731,5.2209486
Brussels Capital Region,50.8522733,4.3756932
West Flanders,51.1491351,3.2326463
West Flanders,50.9496882,3.2939413
Luxembourg,49.5793654,5.7776198
Luxembourg,49.9230008,5.3789188
Liège,50.6306899,5.4568584
Brussels Capital Region,50.8617138,4.3231311
West Flanders,50.9333479,3.1234245
Brussels Capital Region,50.85844284,4.30811801
Antwerp,51.1763018,4.376086
Hainaut,50.6056059,3.3880367
Namur,50.24919,5.19571
Hainaut,50.4387617,4.0087029
Liège,50.673276,5.5930594
Brussels Capital Region,50.8528075,4.3135414
Antwerp,51.09541,4.872008
Namur,50.1929589,4.5373734
Namur,50.29730112,5.31784937
Luxembourg,49.9894479,5.251147
Walloon Brabant,50.5931971,4.3363846
Antwerp,51.0898678,5.0651351
Hainaut,50.3360956,3.7377935
Hainaut,50.64492,3.423708
Brussels Capital Region,50.8850051,4.3186663
Brussels Capital Region,50.8150592,4.348904
Hainaut,50.722568,3.2326156
Limburg,50.8360685,5.4241888
Limburg,50.86456,5.502298
Liège,50.54786585,5.31744339
Antwerp,51.17262,4.349111
East Flanders,51.0842415,3.4471613
East Flanders,50.7478494,3.5988432
East Flanders,51.0865237,3.6425267
Antwerp,51.2204,4.469302
Brussels Capital Region,50.891948,4.3823182
Antwerp,51.23194,4.462269
Antwerp,51.31554636,4.86413725
Brussels Capital Region,50.8155284,4.38450023
Brussels Capital Region,50.8235717,4.3766927
Luxembourg,49.84144,5.43502
Walloon Brabant,50.7385816,4.6972809
Brussels Capital Region,50.857761,4.3915806
Namur,50.1872873,4.8326378
Namur,50.4606934,4.8425453
Walloon Brabant,50.665465,4.5669046
Antwerp,51.0160276,4.4379926
Namur,50.054544,4.5315578
Walloon Brabant,50.680179,4.7609265
Hainaut,50.7459126,3.219272
East Flanders,51.014549,3.6336842
Antwerp,51.2559935,4.5728823
Brussels Capital Region,50.8823915,4.3358408
Hainaut,50.5186636,3.6801487
Liège,50.6559389,5.0008742
Antwerp,51.25294,4.444777
Namur,50.3,4.8666667
Namur,50.4145401,5.1673861
Brussels Capital Region,50.7985,4.33609
Liège,50.7173633,5.3977032
Hainaut,50.5310497,3.9451238
Namur,50.46612,4.88068
Luxembourg,50.22031,5.9983145
Namur,50.4693026,4.8549014
Namur,50.3868462,5.243508
Flemish Brabant,50.801943,4.6027235
Antwerp,51.0223913,4.4848344
Liège,50.5743627,5.8351387
Brussels Capital Region,50.8808582,4.3227894
Walloon Brabant,50.6401663,4.77603
Luxembourg,49.83020837,5.39282255
Luxembourg,49.56493855,5.53960298
Namur,50.32621735,4.65153449
Hainaut,50.4832756,3.8377399
Brussels Capital Region,50.8979798,4.3561724
West Flanders,50.8969325,3.0664724
Antwerp,51.2196064,4.4005312
West Flanders,50.7777987,3.4411168
Namur,50.4374223,4.8474414
Antwerp,51.15538109,5.17316624
Hainaut,50.4240349,4.4785997
Limburg,50.77979763,5.13134207
Hainaut,50.4,4.2666667
Luxembourg,50.33585,5.443045
East Flanders,51.17159,4.146509
Antwerp,51.18181,4.388062
Walloon Brabant,50.7158951,4.6128257
Antwerp,51.1663,4.450217
Brussels Capital Region,50.8,4.3166667
Brussels Capital Region,50.874464,4.399615
Limburg,50.903311,5.4261677
Liège,50.6426462,5.5965418
Luxembourg,50.16944095,5.76398045
East Flanders,51.0776313,3.7517121
Antwerp,51.13545,4.90548
Hainaut,50.6803312,3.3098471
Liège,50.63676,5.6022785
Hainaut,50.3986,4.445969
Brussels Capital Region,50.796971,4.330628
West Flanders,51.1474339,2.7154917
Liège,50.47466,5.37723
Brussels Capital Region,50.8271257,4.2827992
East Flanders,50.77404,3.874696
Antwerp,51.20138,4.444369
Antwerp,51.41262,4.617827
Hainaut,50.5852653,3.7946163
Brussels Capital Region,50.8674435,4.3322934
Liège,50.5641292,5.5326449
Hainaut,50.4027028,4.39570296
Hainaut,50.4157265,4.449213
Namur,50.26147945,4.50666191
Walloon Brabant,50.62445,4.562754
Liège,50.6350757,5.5628874
Limburg,50.8206784,5.1935328
Antwerp,51.23351,4.465255
Liège,50.637608,5.5813234
Namur,50.2725845,4.5687258
Hainaut,50.45313,4.19126
Antwerp,51.2147957,4.4080237
Hainaut,50.5285674,4.2721491
East Flanders,51.0885622,3.8001913
Hainaut,50.4885712,3.965319
Antwerp,51.221709,4.4168627
Liège,50.6583703,5.6785788
Brussels Capital Region,50.835947,4.3013959
West Flanders,51.3161393,3.1338599
Flemish Brabant,51.0166438,4.3344649
East Flanders,51.0048213,3.9735809
Antwerp,51.21149,4.455832
East Flanders,51.0678307,3.7290914
Hainaut,50.7459126,3.219272
Antwerp,51.2146,4.43688
Brussels Capital Region,50.8381484,4.4329851
Brussels Capital Region,50.8569755,4.3193694
Limburg,50.8586233,5.2729369
Antwerp,51.19893,4.415009
Hainaut,50.481963,4.551489
Limburg,50.94597,5.249413
Limburg,51.1252378,5.3451536
Brussels Capital Region,50.86744,4.37727
Liège,50.7150304,5.4684822
Liège,50.5091992,5.5245356
Antwerp,51.0311902,4.4863083
Liège,50.69532949,6.03451431
Brussels Capital Region,50.8173777,4.3819691
West Flanders,51.3155704,3.1255525
Hainaut,50.6195822,3.3527171
Brussels Capital Region,50.840883,4.3304934
Namur,49.9065149,4.9884804
West Flanders,50.7875712,3.0515996
West Flanders,51.1081003,2.6074309
Hainaut,50.4468955,4.4155692
West Flanders,50.9915828,3.2534652
West Flanders,51.1543508,2.7757516
Antwerp,51.32402,4.953304
Antwerp,51.15537,4.899338
Hainaut,50.40238092,3.68777789
Brussels Capital Region,50.8750981,4.3928394
Namur,50.4024613,5.0755536
Namur,50.27498,4.56593
Flemish Brabant,50.97827,4.977322
Liège,50.18762,6.11659
Liège,50.6143462,5.6353748
Brussels Capital Region,50.8611276,4.4172636
East Flanders,51.0575994,3.6599259
Brussels Capital Region,50.8365808,4.308187
Flemish Brabant,50.9262731,4.4240836
West Flanders,51.2571429,2.9994088
Brussels Capital Region,50.8684728,4.3349961
Brussels Capital Region,50.8518536,4.3932918
Brussels Capital Region,50.89289,4.32343
Limburg,50.95338,5.328397
Flemish Brabant,50.927262,4.424078
Hainaut,50.4780607,3.6915517
Namur,50.1921175,4.547032
Brussels Capital Region,50.8427501,4.3515499
Brussels Capital Region,50.86744,4.37727
Antwerp,51.07968,5.039885
Hainaut,50.7365889,3.7391483
West Flanders,51.3152606,3.1239525
Namur,50.47571985,5.01330099
Brussels Capital Region,50.8427501,4.3515499
Liège,50.4302211,6.0400343
Luxembourg,50.32911575,5.40887929
Brussels Capital Region,50.83999,4.28817
Brussels Capital Region,50.8027504,4.3331769
Antwerp,51.214687,5.189162
Antwerp,51.0230313,4.4773414
West Flanders,51.105451,2.597797
Liège,50.6829412,5.5411368
Walloon Brabant,50.6956847,4.17199
Liège,50.550838,5.3163867
Namur,49.9436323,5.0626631
Hainaut,50.4792063,4.2095688
Luxembourg,49.5567708,5.5291027
Liège,50.715389,5.3291506
Luxembourg,49.6861938,5.826868
West Flanders,51.09814,2.5929923
Namur,49.8635093,4.8853198
West Flanders,51.3168377,3.1343819
East Flanders,50.8695474,3.8107094
Flemish Brabant,50.9649324,4.4990725
Hainaut,50.4427249,4.4370311
Liège,50.6487239,6.0479678
Hainaut,50.7459126,3.219272
Luxembourg,49.67423159,5.60663575
West Flanders,50.9387847,3.1451697
Namur,50.2127777,4.808074
Liège,50.61986432,5.6036311
Brussels Capital Region,50.874464,4.399615
East Flanders,51.0037715,3.9317683
Hainaut,50.41311865,4.32842013
Brussels Capital Region,50.848545,4.351646
Antwerp,51.22184,4.830276
Hainaut,50.5822502,3.68808
West Flanders,51.2273076,3.2006276
East Flanders,50.8273,3.91464
Antwerp,51.221709,4.4168627
Liège,50.6210771,5.9455488
Flemish Brabant,50.839284,4.5548486
Namur,50.32579,4.87505
Flemish Brabant,51.0082061,4.6673826
Antwerp,51.02021,4.472678
Hainaut,50.4077526,4.4029652
West Flanders,50.8852448,3.4279064
West Flanders,51.264315,3.0147897
Limburg,50.93343,5.326217
Namur,50.5155,4.6253
Liège,50.6043367,5.9385823
East Flanders,51.13468,4.206624
Antwerp,51.2980084,4.7483226
Liège,50.6203847,5.576094
Flemish Brabant,50.74594,4.35753
Walloon Brabant,50.7222374,4.87373333
Limburg,51.0941749,5.7906713
Brussels Capital Region,50.8235717,4.3766927
Brussels Capital Region,50.8599241,4.4172194
West Flanders,51.142134,2.7335864
Luxembourg,49.56689,5.534369
Antwerp,51.28929,4.560483
Namur,49.9857786,4.4515778
Namur,50.4833333,5.0833333
Namur,50.43289882,5.12511141
Luxembourg,50.22908,5.34387
Liège,50.6458883,5.587841
West Flanders,50.815474,3.2718398
Namur,50.21982,4.81275
East Flanders,51.17921,4.155752
West Flanders,51.2024666,3.2315156
East Flanders,50.76826,3.845231
Namur,50.59741755,4.87631583
Brussels Capital Region,50.8291619,4.3399954
Brussels Capital Region,50.8808582,4.3227894
Limburg,51.0196865,5.4000789
Luxembourg,49.7809026,5.2392465
West Flanders,51.0962247,3.0226278
Brussels Capital Region,50.8,4.3333333
West Flanders,50.8538512,2.88251
Hainaut,50.4783661,4.1755975
Namur,50.30245315,5.38631309
Brussels Capital Region,50.82724605,4.29015226
Flemish Brabant,50.8976668,4.4346964
Hainaut,50.5285674,4.2721491
Flemish Brabant,50.74594,4.35753
Hainaut,50.608334,4.141006
Liège,50.47292355,5.22636017
Liège,50.6557192,5.621436
Liège,50.6407563,5.5686342
Namur,50.1109901,4.5599875
East Flanders,50.9658713,3.9773269
Brussels Capital Region,50.8798362,4.4019059
Brussels Capital Region,50.8258154,4.2830892
Brussels Capital Region,50.832177,4.388949
Hainaut,50.8004028,3.0048065
Brussels Capital Region,50.8704322,4.3357994
Antwerp,51.31677,4.942819
Liège,50.6441414,5.6021853
Walloon Brabant,50.8249759,4.2632379
West Flanders,51.3399727,3.2372747
Antwerp,51.176,4.821607
Namur,50.421206,4.8633172
Liège,50.5898675,5.8688619
Limburg,51.0664454,5.28187802
Liège,50.7063693,5.6421425
West Flanders,51.1269064,2.6927405
Liège,50.681371,6.0072595
Luxembourg,50.1819668,5.5753127
Limburg,51.35970584,4.31606106
Liège,50.5392645,5.8227908
East Flanders,51.1901624,4.2342968
Luxembourg,49.6833333,5.8166667
Limburg,51.0941749,5.7906713
Namur,50.175558,4.4224016
Antwerp,51.24216,4.43234
Walloon Brabant,50.6969022,4.3538379
East Flanders,50.8451287,3.6062195
Brussels Capital Region,50.8631298,4.3696009
Hainaut,50.7265479,3.606605
Luxembourg,50.2161131,5.3385435
Namur,50.42693,5.02089
Hainaut,50.40324515,4.52749828
Namur,50.50626,4.80568
East Flanders,51.0500604,3.6546516
Antwerp,51.05835,4.510002
West Flanders,51.3467066,3.2893221
West Flanders,51.1536318,2.7620773
Brussels Capital Region,50.810089,4.4348529
Hainaut,50.722568,3.2326156
Antwerp,51.09845,4.505624
Liège,50.64547,5.63488
Liège,50.4812987,5.5198048
Brussels Capital Region,50.839056,4.3976405
Hainaut,50.35041895,4.4182721
Walloon Brabant,50.71469,4.3991
West Flanders,50.8492574,2.8789887
Liège,50.6382689,5.7861455
Limburg,51.0197869,5.7428896
Namur,50.4455414,4.5844449
Brussels Capital Region,50.8301436,4.3402184
Brussels Capital Region,50.8235717,4.3766927
Liège,50.5460515,5.330051
Brussels Capital Region,50.8561611,4.3544711
Antwerp,51.0757295,4.7366873
Liège,50.6109189,5.6138999
Flemish Brabant,50.7633996,4.3114046
Namur,50.1017632,5.0104807
Brussels Capital Region,50.81896,4.38865
West Flanders,51.34635,3.28586
Walloon Brabant,50.71469,4.3991
Limburg,51.17687,5.584265
Namur,50.3781525,4.9003253
Flemish Brabant,50.9934818,4.657974
Antwerp,51.06828,4.988626
Liège,50.3741982,5.8707672
Namur,50.4563673,4.871877
Namur,49.8627049,4.8855549
Hainaut,50.3999255,4.4793049
East Flanders,50.987673,3.5394335
Antwerp,51.313213,4.433553
Antwerp,51.19885,4.448437
Antwerp,51.19363,4.410998
Liège,50.4994905,5.2293422
Liège,50.7084353,5.7148377
Liège,50.6498917,5.5546413
Brussels Capital Region,50.85882245,4.36509893
Liège,50.6392136,5.4740072
Antwerp,51.05748,4.368174
Antwerp,51.11708,4.325144
Liège,50.3889053,5.3219675
Hainaut,50.5285674,4.2721491
Limburg,51.03611,5.72589
Hainaut,50.6056059,3.3880367
Liège,50.5520565,5.3145394
Hainaut,50.3241156,4.4465124
Liège,50.677882,6.1280873
Hainaut,50.39021,3.88777
Liège,50.6325777,6.0377235
West Flanders,50.782807,3.1641132
West Flanders,50.8235445,3.2641679
Hainaut,50.45413,4.1996
Liège,50.504048,5.6621522
Hainaut,50.6056059,3.3880367
Antwerp,51.12542,5.075596
Antwerp,51.120428,4.5850708
Hainaut,50.738441,3.2337149
East Flanders,50.9658713,3.9773269
Liège,50.4039416,5.6062272
Liège,50.511565,5.6460921
West Flanders,51.3394476,3.2935861
Liège,50.7331374,5.5636878
Liège,50.6675293,5.47298
Limburg,50.8412658,5.2203596
Hainaut,50.5934885,4.1310207
Namur,50.4916293,5.1164291
West Flanders,51.2245767,2.8974828
Walloon Brabant,50.72336,4.87115
Namur,50.4662022,4.8419319
West Flanders,51.1074968,2.6073907
West Flanders,51.1663114,2.7734821
Luxembourg,49.7624156,5.4003607
Antwerp,51.07132,4.487749
Namur,50.45738,4.81096
West Flanders,51.20941,3.22523
Namur,50.46379,4.8654
Hainaut,50.4565713,4.2494463
Liège,50.5314526,5.1224958
Limburg,51.052338,5.277959
Antwerp,51.0568403,4.3577723
Limburg,51.0524394,5.7401187
Liège,50.4776458,5.8246981
Brussels Capital Region,50.8312019,4.3752647
Hainaut,50.450257,4.2624745
Hainaut,50.5011711,3.935861
Limburg,50.7563813,5.7130563
Liège,50.6800159,5.5443589
Brussels Capital Region,50.8396365,4.3108726
Antwerp,51.0964469,4.5006598
Limburg,50.981746,5.177749
East Flanders,50.7530804,3.6048858
East Flanders,51.0161298,3.8032683
Liège,50.66549095,5.96941568
Namur,50.446734,4.630735
Hainaut,50.3922481,4.4436699
West Flanders,51.1839453,3.0132959
Hainaut,50.4381551,4.3389199
Hainaut,50.4000125,3.7827922
Liège,50.5680568,5.7166415
Antwerp,51.3496533,4.6377227
Antwerp,51.16034,4.445745
Namur,50.19197,4.84295
Antwerp,51.0678882,4.7367029
Hainaut,50.372016,3.8058371
Hainaut,50.4080301,4.5809294
West Flanders,51.3514194,3.2891823
Antwerp,51.10569,4.985679
Namur,50.0536334,4.4980734
Flemish Brabant,50.9116024,4.3561856
Antwerp,51.2297876,4.5070936
Liège,50.4910606,5.8808995
West Flanders,51.0772119,2.5091617
Namur,50.37686,4.77791
Luxembourg,49.67177955,5.78968015
West Flanders,50.9098666,3.391071
Hainaut,50.4160287,4.3868858
Brussels Capital Region,50.82768,4.37178
Liège,50.5823116,5.6296322
Namur,50.55225525,4.70259424
Antwerp,51.01883,4.479381
West Flanders,50.7777987,3.4411168
Hainaut,50.3885207,4.4064886
Antwerp,51.2159143,4.4134399
Antwerp,51.39643,4.758593
Antwerp,51.21937,4.334785
Antwerp,51.2104665,4.3282344
Antwerp,51.16817,4.473844
Liège,50.60187,5.44335
Brussels Capital Region,50.8569755,4.3193694
East Flanders,51.1023413,3.9940663
Antwerp,51.24035,5.144463
Luxembourg,50.3230401,5.5274194
East Flanders,50.9472884,4.042404
East Flanders,51.00061,3.550712
Liège,50.5186775,5.2396514
East Flanders,51.1212579,3.7203642
Namur,50.25123975,4.59933031
Namur,49.94148,4.94426
West Flanders,51.10196,2.59158
Liège,50.6357049,5.5772175
Luxembourg,49.9834633,5.2530492
Liège,50.643808,5.5142206
Luxembourg,49.6847915,5.8201496
West Flanders,51.2314756,2.9171779
Liège,50.5563597,5.0666104
East Flanders,50.8745191,3.6969658
Brussels Capital Region,50.8581527,4.3028775
Antwerp,51.29658,4.498079
Liège,50.6156979,5.61196345
Hainaut,50.6056059,3.3880367
Walloon Brabant,50.7385816,4.6972809
Flemish Brabant,50.883712,4.271566
Namur,50.151125,4.9162886
Liège,50.6216072,5.4910195
Hainaut,50.4,4.5166667
Luxembourg,49.9596762,5.5102893
Brussels Capital Region,50.8511005,4.3122092
Hainaut,50.319088,4.4394744
Brussels Capital Region,50.8206834,4.4098093
Hainaut,50.4067402,3.86418219
West Flanders,50.9489277,3.1372845
Luxembourg,49.8551547,5.2570703
Liège,50.6303408,5.4741472
Antwerp,51.0208132,4.4737954
West Flanders,51.102405,2.591993
Namur,50.4667023,4.9945569
Namur,50.12266215,4.40704264
West Flanders,50.8080676,3.4721355
East Flanders,51.0103403,3.6374217
Liège,50.6855173,5.6760905
East Flanders,51.1554834,4.1569212
West Flanders,51.2171463,2.8835888
Antwerp,51.1595274,5.1752385
Brussels Capital Region,50.8459903,4.284828
West Flanders,51.1044588,2.5955502
Liège,50.40087,5.611004
Hainaut,50.4174416,4.4324017
Hainaut,50.47403,4.28562
Antwerp,51.0971213,4.5044896
East Flanders,50.7341916,3.6034437
Brussels Capital Region,50.8130551,4.3601464
Namur,50.3875735,5.2355311
Liège,50.507161,5.4198582
West Flanders,50.8888619,3.4301329
Antwerp,51.17222,4.447244
Hainaut,50.4672369,4.4353562
Namur,50.4940686,5.1126769
Antwerp,51.12879,4.578545
West Flanders,51.1174761,2.6269708
West Flanders,50.8520758,2.8832173
Liège,50.7148794,5.6202639
Limburg,50.844494,5.341443
Namur,50.3010846,5.3596349
West Flanders,50.8323863,3.4478497
Hainaut,50.4665177,4.4294649
Brussels Capital Region,50.8402206,4.380905
Brussels Capital Region,50.86744,4.37727
Hainaut,50.3873453,4.4746678
Antwerp,51.12417,5.06316
Namur,50.58254575,4.77586309
Brussels Capital Region,50.8424387,4.464232
Luxembourg,49.528624,5.4770883
Luxembourg,49.69201,5.807975
Limburg,51.039896,5.0652605
West Flanders,51.1198368,2.6315302
Antwerp,51.16574,4.736462
Brussels Capital Region,50.8577643,4.3665478
Luxembourg,49.8527937,5.2657332
Hainaut,50.42287,4.440626
Namur,50.29786,5.318366
Flemish Brabant,50.94673,4.973085
Flemish Brabant,50.83396,5.102613
West Flanders,50.7917809,3.1279066
Hainaut,50.6642045,3.6557135
Hainaut,50.41114,4.58644
West Flanders,51.234253,2.9161915
Hainaut,50.6056059,3.3880367
Antwerp,51.1611706,4.9909033
Flemish Brabant,50.95088,4.30927
Antwerp,51.1724971,5.1133561
Namur,50.00147,4.91675
Hainaut,50.6092802,3.3849535
Flemish Brabant,50.95326,4.715246
West Flanders,51.3123743,3.1327685
Liège,50.61091405,5.85437634
Walloon Brabant,50.6422504,4.5680813
Hainaut,50.50293,4.10873
Antwerp,51.100341,4.955466
Hainaut,50.6490158,3.9242761
Luxembourg,49.8548717,5.258163
Brussels Capital Region,50.8235717,4.3766927
Liège,50.7387125,5.962978
Hainaut,50.6606449,3.4182042
West Flanders,51.2228172,2.9433906
Antwerp,51.22192,4.466408
Liège,50.4768466,5.2036867
East Flanders,51.0902289,3.8059651
Limburg,51.10375,5.276053
Brussels Capital Region,50.8586106,4.3975496
Liège,50.5947412,5.5695429
Hainaut,50.390804,4.38654006
Limburg,51.0197869,5.7428896
Walloon Brabant,50.725126,4.5205137
Namur,50.43405,4.75922
Liège,50.6565119,5.6090409
Namur,50.4563673,4.871877
Brussels Capital Region,50.8904355,4.3829068
Namur,50.4674593,4.8718068
Hainaut,50.497539,3.66987467
Brussels Capital Region,50.87551,4.34811
Liège,50.63412,5.47566
East Flanders,50.9422707,3.4711866
Namur,50.10324281,4.47428458
Antwerp,51.03322,4.476988
Luxembourg,50.16749543,5.41473697
Liège,50.6127314,5.5985771
Brussels Capital Region,50.8721631,4.3201135
East Flanders,50.987195,3.931603
Liège,50.6239677,5.6002655
Antwerp,51.1064947,4.3310292
Hainaut,50.5149368,3.6013594
Hainaut,50.3876614,4.5776942
Liège,50.6371285,5.5330374
Flemish Brabant,50.82689,4.7660540000000005
Hainaut,50.1722719,4.3127968
Namur,50.37686,4.77791
West Flanders,50.8902395,3.0651875
East Flanders,50.7951847,3.949699
Brussels Capital Region,50.8365808,4.308187
Flemish Brabant,50.82595,4.50775
Hainaut,50.3856504,3.7580021
Flemish Brabant,50.8229344,4.4876653
Liège,50.71382,5.28113
Antwerp,51.2231275,4.4587265
Luxembourg,50.3168058,5.5561514
Flemish Brabant,51.0034487,4.6152478
Luxembourg,49.5616942,5.8347247
Brussels Capital Region,50.86405,4.29731
Hainaut,50.4688896,4.4322027
Brussels Capital Region,50.873275,4.3395528
Hainaut,50.369318,4.3645849
Flemish Brabant,50.8314294,4.0879776
Luxembourg,50.24071705,5.9530824
Brussels Capital Region,50.8499537,4.324286
Liège,50.6731441,5.6644577
Liège,50.637608,5.5813234
Hainaut,50.4261877,4.4762066
Antwerp,51.1586,4.984741
Limburg,50.7537925,5.4932258
Limburg,51.0141109,5.5981945
Namur,50.4674593,4.8718068
Brussels Capital Region,50.8750981,4.3928394
Antwerp,51.18381,4.377356
Flemish Brabant,50.9714068,4.1872337
West Flanders,51.341218,3.2874721
East Flanders,50.9373401,4.041093
Limburg,50.98928,5.377814
Flemish Brabant,50.8856148,4.8354708
West Flanders,51.1033,2.6548
Brussels Capital Region,50.842365,4.423892
Liège,50.5947922,5.8607928
Brussels Capital Region,50.8502613,4.3899488
Brussels Capital Region,50.895148,4.418088
Flemish Brabant,50.8819753,4.7133074
Hainaut,50.3979512,3.7878732
Hainaut,50.4017811,4.5205286000000005
West Flanders,51.2113408,3.2278258
Brussels Capital Region,50.8339417,4.345402
Hainaut,50.481052,4.1951575
West Flanders,51.1030865,2.5901629
Liège,50.577898,5.5030768
Brussels Capital Region,50.86251835,4.40844716
Antwerp,51.03703,4.480994
Brussels Capital Region,50.8940463,4.3921962
Liège,50.6612007,5.6634626
Antwerp,51.12542,5.075596
East Flanders,50.986363,3.9049686
Antwerp,51.0492,4.476486
Brussels Capital Region,50.8467426,4.4202702
West Flanders,51.1145183,2.6398803
Antwerp,51.0197981,4.4949069
East Flanders,51.0294004,3.7129215
Liège,50.4324157,5.6662875
Brussels Capital Region,50.85207,4.31511
East Flanders,51.1292578,4.2171085
Hainaut,50.3683806,3.6984925
Hainaut,50.2216228,4.2905261
East Flanders,51.1735752,4.1564689
West Flanders,51.10093363,2.6202156
West Flanders,51.0976012,2.5764533
East Flanders,51.2180332,3.6125304
Antwerp,51.05705,4.358209
West Flanders,51.1153106,2.6456336
Liège,50.4302829,6.040164
Luxembourg,50.084146,5.2314188
Antwerp,51.22351,4.465847
East Flanders,51.111107,3.6979682
Antwerp,51.18845,4.379171
Liège,50.6371952,5.5938264
Liège,50.7146506,5.7206882
Brussels Capital Region,50.8499621,4.3676769
Namur,50.1514258,5.2680239
Hainaut,50.4077446,3.8989257
West Flanders,51.1716373,2.7765044
Brussels Capital Region,50.8235717,4.3766927
Liège,50.6976893,5.2555668
East Flanders,50.7825708,3.8359911
Flemish Brabant,50.93763,4.954723
Antwerp,51.0839092,4.3743379
Liège,50.6856644,5.9922963
West Flanders,51.2178179,2.882512
Hainaut,50.3962638,3.7804655
Brussels Capital Region,50.8546608,4.4310606
Liège,50.7403616,5.7387511
Liège,50.2797224,6.130456
Liège,50.7006745,5.4019862
Walloon Brabant,50.5886574,4.3308649
East Flanders,50.795346,3.5199566
Liège,50.6170782,5.4371853
Hainaut,50.4128896,4.4448674
Luxembourg,50.175394,5.5911111
Luxembourg,50.0260067,5.3727272
Liège,50.6442379,5.5344566
Hainaut,50.34115098,4.39681884
Antwerp,51.2200428,4.4062022
East Flanders,50.8684555,3.809383
Namur,50.4674593,4.8718068
East Flanders,50.94404,4.01399
East Flanders,51.0214051,4.1172695
Brussels Capital Region,50.8,4.3333333
Antwerp,51.19894,4.416825
Limburg,50.8597411,5.5488606
Flemish Brabant,50.9068107,4.3114128
Luxembourg,49.6833333,5.8166667
Namur,50.2457792,4.9212512
Liège,50.582744,5.4227161
East Flanders,51.0254867,4.1019931
West Flanders,51.3123743,3.1327685
Limburg,51.0325498,5.6140946
Namur,50.42246955,4.61931593
Liège,50.7010716,5.2701646
East Flanders,51.12112321,3.72029982
Walloon Brabant,50.6969022,4.3538379
Limburg,51.05715,5.27248
Flemish Brabant,50.7977229,4.6498755
Limburg,50.969278,5.6619185
Luxembourg,49.672946,5.5951291
Antwerp,51.10773,4.809844
Flemish Brabant,50.9949947,4.6966799
Liège,50.67434,5.51338
East Flanders,51.0777421,3.577022
East Flanders,50.8451287,3.6062195
Luxembourg,49.6167578,5.39675929
East Flanders,50.7372859,3.6222236
Liège,50.454964,5.5673216
Namur,50.2183,4.82455
Brussels Capital Region,50.8427501,4.3515499
Liège,50.6389162,5.5757355
Hainaut,50.7459126,3.219272
West Flanders,50.7563317,3.4286042
Namur,50.27266,4.89755
Liège,50.70911,6.07386
Walloon Brabant,50.7235257,4.864936
Liège,50.6445949,5.6091972
Namur,50.20483,4.80867
West Flanders,51.2171503,2.8835423
Hainaut,50.3994933,4.3935202
Limburg,50.99062,5.382923
Brussels Capital Region,50.800919,4.414715
Hainaut,50.425877,3.7969506
East Flanders,50.999879,3.86919153
Hainaut,50.4055222,4.3957235
East Flanders,51.15415683,4.30027707
Liège,50.6268128,5.6218145
Antwerp,51.0633847,4.7210601
West Flanders,50.9386053,2.9330421
Antwerp,51.0964675,4.5006288
West Flanders,51.2149348,3.2083262
Antwerp,51.31131,4.876492
Antwerp,51.16154307,4.50633304
Antwerp,51.244269,5.1122586
Namur,50.4975482,5.1229481
Luxembourg,49.6833333,5.8166667
Hainaut,50.7459126,3.219272
Flemish Brabant,50.8485288,4.6960033
Brussels Capital Region,50.8377087,4.3408502
Walloon Brabant,50.6462709,4.6553809
East Flanders,51.1841605,3.5660006
Liège,50.68614364,6.02931082
Hainaut,50.4166228,4.4649806
Antwerp,51.2063268,4.4154602
West Flanders,51.0001519,3.3263821
Antwerp,51.2107107,4.3952005
Antwerp,51.15537,4.899338
Liège,50.6311226,5.5443462
West Flanders,51.1383703,2.7390959
Liège,50.6275956,5.6089508
Hainaut,50.7058761,4.0941535
West Flanders,51.1246203,2.7523731
Antwerp,51.18368,4.43868
Antwerp,51.1578305,5.2100666
Brussels Capital Region,50.85447042,4.30725612
Hainaut,50.4278907,4.1185307
Liège,50.5590326,5.6381258
West Flanders,51.1190907,2.6873512
Limburg,51.1225575,5.5187452
Antwerp,51.0298169,4.4664938
Brussels Capital Region,50.8351978,4.2773309
East Flanders,51.0974848,3.8378336
Antwerp,51.17253,4.440851
West Flanders,51.3401379,3.2670958
Hainaut,50.4157265,4.449213
Liège,50.4247688,6.0392152
Limburg,51.0943975,5.7812114
Brussels Capital Region,50.8633606,4.3106761
Walloon Brabant,50.6082918,4.4405969
Hainaut,50.4472628,3.9491224
Namur,50.59525,4.67689
West Flanders,51.3250493,3.3081806
Walloon Brabant,50.70297,4.98973
Antwerp,51.12976,4.76551
West Flanders,50.9551176,3.1315258
Liège,50.4717349,5.5997544
Hainaut,50.39577,4.44305
Hainaut,50.4240349,4.4785997
Namur,50.4659165,4.862353
Luxembourg,50.1490646,5.5149148
Namur,50.0513497,4.4991514
Limburg,51.0945879,5.7883822
Antwerp,51.03409,4.510745
Walloon Brabant,50.6969022,4.3538379
West Flanders,51.2704049,3.4375604
Hainaut,50.48815,4.15428
Antwerp,51.12821,4.865365
Flemish Brabant,50.7698903,4.5198954
West Flanders,50.9502449,3.1200603
Liège,50.60846795,5.488537
Liège,50.5276979,5.22327918
Liège,50.50936674,5.24011199
Hainaut,50.5732662,3.6812788
Brussels Capital Region,50.85070315,4.38851752
Limburg,50.9334,5.326279
Namur,50.421206,4.8633172
West Flanders,50.9452085,3.3562415
Namur,50.2144488,4.7728313
Namur,50.2630595,4.9117347
West Flanders,50.9271219,3.2578293
Liège,50.527178,5.2450072
West Flanders,50.7848672,3.0469538
Brussels Capital Region,50.89809175,4.3943182
Liège,50.3616288,5.837116
Antwerp,51.222092,4.4203617
Namur,50.43289882,5.12511141
Hainaut,50.5676485,3.986044
West Flanders,51.2180565,2.9141137
Liège,50.620608,5.8869911
East Flanders,50.9453697,3.8632731
Hainaut,50.4857285,4.1609237
Brussels Capital Region,50.8427501,4.3515499
Hainaut,50.60776205,3.38007342
Limburg,50.8485287,5.481069
Hainaut,50.3282879,4.0708968
Flemish Brabant,50.7233164,4.0536565
Namur,50.2531239,4.4914064
Antwerp,51.12223,4.627378
West Flanders,51.3123743,3.1327685
Flemish Brabant,50.8698353,4.1808317
Antwerp,51.0865137,4.677779
Luxembourg,49.6833333,5.8166667
Brussels Capital Region,50.800919,4.414715
Liège,50.5482792,5.3096648
West Flanders,50.8259923,3.3051348
Antwerp,51.0746417,4.5356462
Hainaut,50.6056059,3.3880367
Flemish Brabant,50.7841,4.49365
Luxembourg,50.1670102,5.41552
East Flanders,50.9418754,4.037625
West Flanders,50.873899,3.1758697
Hainaut,50.46812005,4.20887784
Luxembourg,50.319645,5.37493846
Namur,50.4674593,4.8718068
Antwerp,51.31065,4.405308
Antwerp,51.20294,4.485279
Namur,50.2203244,4.8302974
Antwerp,51.2244533,4.4311011
Hainaut,50.48578,4.1446
Hainaut,50.46496095,4.58265646
Flemish Brabant,50.9666667,4.6333333
Brussels Capital Region,50.835947,4.3013959
West Flanders,50.9440302,3.1223671
Limburg,51.01773,5.390871
Liège,50.6422907,5.5745542
East Flanders,51.0586383,3.7291437
Hainaut,50.4,4.2666667
Liège,50.5950102,5.8558628
Limburg,50.9430054,5.2849487
East Flanders,51.05453,4.108428
Antwerp,51.3119,4.427087
Namur,50.1073357,4.9566897
Walloon Brabant,50.74455545,4.84802627
East Flanders,50.7846077,3.5416936
Namur,50.4674593,4.8718068
Hainaut,50.4157265,4.449213
Luxembourg,50.2849743,5.9183212
Liège,50.4147068,5.6293409
Hainaut,50.4142355,4.4477046
Namur,50.4024613,5.0755536
Brussels Capital Region,50.8381484,4.4329851
West Flanders,50.9199037,3.2074738
West Flanders,51.0736302,3.6960147
Flemish Brabant,50.8379214,4.2205653
Brussels Capital Region,50.8986057,4.3263441
Liège,50.6118379,5.5568211
Liège,50.6660886,5.4576216
Brussels Capital Region,50.8272412,4.3645377
West Flanders,50.82743,3.260697
Antwerp,51.3211021,4.9417634
Brussels Capital Region,50.8528993,4.3848872
Luxembourg,49.9628495,5.2269309
Brussels Capital Region,50.85698,4.345417
Liège,50.37472725,5.64038455
East Flanders,50.8130126,3.5721674
Brussels Capital Region,50.83192,4.30768
West Flanders,51.3344869,3.2036249
Namur,50.17091,4.8882200000000005
Walloon Brabant,50.63932,4.72389
Namur,50.1659793,4.4108336
Namur,50.2058123,4.8444828
Liège,50.693172,5.078428
Namur,50.18898673,4.83075994
West Flanders,51.1241424,2.6598255
Liège,50.6282933,5.597408
East Flanders,51.0592439,3.7427355
Brussels Capital Region,50.866663,4.340784
Brussels Capital Region,50.8550473,4.3788441
Namur,50.465089,4.6210349
Hainaut,50.4432084,4.4847527
West Flanders,51.1217137,2.6419225
Liège,50.492135,5.7209945
Antwerp,51.2331786,4.3788635
Hainaut,50.4652706,4.3447188
Namur,50.1694226,4.9798922
Walloon Brabant,50.6,4.6333333
Limburg,51.0205429,5.3042833
Brussels Capital Region,50.8722249,4.3761214
Brussels Capital Region,50.8293,4.3085299
Brussels Capital Region,50.8027504,4.3331769
Luxembourg,50.1567915,5.9248134
West Flanders,50.8264844,3.2616678
Liège,50.6387454,5.5004024000000005
Liège,50.62628,5.7183027
Namur,50.37686,4.77791
Antwerp,51.033,4.48555
Liège,50.4441113,5.932651
Brussels Capital Region,50.8235429,4.3293591
Flemish Brabant,50.9114199,4.4656317
Hainaut,50.75101638,3.2267117
West Flanders,51.11566,2.63732
Liège,50.6332824,5.5014706
West Flanders,50.94466,3.12337
Liège,50.6363497,5.5845999
East Flanders,51.1019546,3.6615627
Brussels Capital Region,50.868633,4.3748393
Antwerp,51.3210824,4.5733903
West Flanders,51.2347034,2.9166477
East Flanders,51.05009,3.975948
Walloon Brabant,50.6814278,4.2281194
Liège,50.6214117,5.4938006
Liège,50.6282953,5.5660391
Walloon Brabant,50.5816567,4.5273937
Namur,50.4833333,5.0833333
Liège,50.4900612,5.8623079
Liège,50.6690865,5.6723804
Walloon Brabant,50.6647976,4.5817047
Liège,50.6413475,5.5687236
West Flanders,50.8064043,3.1716514
Hainaut,50.6283597,3.7803846
Limburg,51.2536492,5.3771085
Liège,50.6371047,5.5115975
West Flanders,50.831173,3.2694412
East Flanders,50.9402245,3.9705554
Limburg,50.8208132,5.1951821
East Flanders,50.9654803,3.9439132
Brussels Capital Region,50.873454,4.3457535
Antwerp,51.2211906,4.4720483
Liège,50.5205848,5.6585128000000005
Luxembourg,49.7390975,5.32939
Brussels Capital Region,50.8340622,4.3542942
Namur,50.2109877,5.0490632
Hainaut,50.6947227,4.0418874
Hainaut,50.4015616,3.82204
West Flanders,51.209379,3.2246451
West Flanders,50.897607,3.412808
Liège,50.6349354,5.5640552
Limburg,51.092528,5.7735927
Namur,50.1087462,4.9571652
Flemish Brabant,50.95165,4.231378
West Flanders,50.8759441,3.4415695
Antwerp,51.226335,4.4795102
Namur,50.1858577,4.5326411
Namur,50.21132947,4.80366647
Namur,50.35009,4.96124
Antwerp,51.1288188,4.5711375
Brussels Capital Region,50.8427501,4.3515499
Liège,50.4906533,5.5022096
Brussels Capital Region,50.8636382,4.4028336
Walloon Brabant,50.7109736,4.5306325
Luxembourg,50.37283115,5.51431416
Antwerp,51.08497,4.877658
Namur,50.3453749,5.0922322
Luxembourg,49.91842,5.37458
Namur,50.4143728,4.8877835
Liège,50.6147551,5.6103796
Limburg,50.8206784,5.1935328
Brussels Capital Region,50.8362129,4.3627394
West Flanders,50.7828503,3.4103207
Namur,50.2183,4.82455
Namur,50.0695802,4.4240552
West Flanders,50.9302339,3.0149938
East Flanders,50.74775,3.593054
Hainaut,50.4316871,4.0685218
Flemish Brabant,50.86576278,4.69945087
East Flanders,51.0316476,4.1076803
Liège,50.5893018,5.5005287
Antwerp,51.09185,4.498738
Limburg,50.9728469,5.4966176
Namur,49.9408174,5.0151603
East Flanders,50.915636,4.0542428
Walloon Brabant,50.5952868,4.3363746
Antwerp,51.47138,4.797154
West Flanders,51.1309444,2.7573848
Flemish Brabant,50.8353856,4.5221239
Antwerp,51.1678,4.988263
Walloon Brabant,50.7109736,4.5306325
Liège,50.21821,6.07391
East Flanders,51.23586665,4.07208279
Brussels Capital Region,50.8371472,4.3255281
Liège,50.6084184,5.4780685
Antwerp,51.31552,4.947775
Luxembourg,49.5862246,5.5202309
Namur,50.49140825,5.10156436
Namur,50.4671846,4.6974747
East Flanders,51.0103403,3.6374217
Hainaut,50.63843,4.1696
Hainaut,50.3628784,3.9738247
Hainaut,50.6056059,3.3880367
Namur,50.37686,4.77791
Limburg,51.0637653,5.2966505
East Flanders,51.14487,4.061966
Antwerp,51.31924,4.977851
Antwerp,51.20379,4.380677
Flemish Brabant,51.005078,4.8354133
Namur,50.2956773,5.1008307
Namur,49.98081,4.93707
Antwerp,51.32327,4.952361
East Flanders,51.21252,4.235271
Flemish Brabant,50.8578144,4.5153109
Hainaut,50.6232792,3.7263005
West Flanders,51.3524704,3.292383
Liège,50.6379455,5.6572598
Flemish Brabant,51.0085713,4.8349361
Namur,50.4143728,4.8877835
Luxembourg,50.0453521,5.5659166
Hainaut,50.7459126,3.219272
West Flanders,50.8496085,3.3114644
Luxembourg,49.7781951,5.235228
Liège,50.5959609,5.8533593
East Flanders,51.0315098,3.7645417
Antwerp,51.2226696,4.4049986
Brussels Capital Region,50.7994454,4.4029014
Antwerp,51.05976,4.833754
Liège,50.4748665,5.9566205
Liège,50.6976893,5.2555668
Antwerp,51.03654,4.354035
Hainaut,50.527011,3.3385714
Namur,50.1656592,4.82909227
Limburg,50.8282062,5.6388933
Liège,50.735369,5.6804096
Hainaut,50.5476287,3.36809944
Liège,50.51258,5.396959
Antwerp,51.1591451,4.98783519
Hainaut,50.4157265,4.449213
Brussels Capital Region,50.8505573,4.3056967
Antwerp,51.22202,4.419127
Hainaut,50.699374,3.3314663
West Flanders,50.9407097,3.1289217
Brussels Capital Region,50.804052,4.3939913
Liège,50.5900534,5.4999235
Hainaut,50.3071512,4.1578836
Namur,50.59525,4.67689
West Flanders,50.8552141,2.8722113
Luxembourg,50.34419586,5.42806488
Namur,50.2127777,4.808074
Hainaut,50.4785706,4.187011
Antwerp,51.03941,4.475964
Hainaut,50.3922481,4.4436699
Namur,50.2956773,5.1008307
Antwerp,51.08912,5.067041
East Flanders,51.0137003,4.0109917
Luxembourg,50.1443527,5.3117953
Luxembourg,50.221239,5.3452772
Antwerp,51.16507,4.45007
Hainaut,50.4088642,4.3267293
Antwerp,51.26991519,4.78591759
Luxembourg,50.01443481,5.7052141800000005
West Flanders,51.2357846,2.9809796
Brussels Capital Region,50.86744,4.37727
Antwerp,51.054381,4.348562
Flemish Brabant,50.8784685,4.2883383
Hainaut,50.7459126,3.219272
East Flanders,50.9891001,3.5709459
Brussels Capital Region,50.8522733,4.3756932
Liège,50.6197134,5.5714575
Antwerp,51.20796465,4.42710884
Hainaut,50.5724436,3.6814062
Antwerp,51.19397,4.412601
Antwerp,51.23005,4.933544
Limburg,51.0464912,5.2259399
East Flanders,51.06867,4.03974
Antwerp,51.0898009,4.25117925
Antwerp,51.0223913,4.4848344
Luxembourg,50.2220598,5.7573406
Hainaut,50.4602489,4.2335787
Luxembourg,49.5581782,5.7056943
Antwerp,51.17877595,4.84112144
Liège,50.61953,6.05534
Hainaut,50.4152904,4.4569968
Brussels Capital Region,50.8132478,4.3187008
Brussels Capital Region,50.8558974,4.3947383
Antwerp,51.172,4.993532
Antwerp,51.17105,4.975297
Luxembourg,50.3465233,5.4272543
East Flanders,51.1657637,4.311622
Antwerp,51.0633847,4.7210601
Liège,50.5779424,5.8404245
Limburg,50.9665585,5.4979835
Namur,50.2604024,4.9130354
Namur,50.4914912,5.1166834
Limburg,51.0004021,5.4860795
Limburg,51.2335133,5.3676041
Liège,50.6419676,5.5568324
Liège,50.4470094,5.7405753
Flemish Brabant,50.927262,4.424078
Brussels Capital Region,50.8235717,4.3766927
Limburg,50.969278,5.6619185
Hainaut,50.6947227,4.0418874
Hainaut,50.40033,3.791184
Luxembourg,49.67423159,5.60663575
Flemish Brabant,50.82595,4.50775
West Flanders,51.3164524,3.130485
Luxembourg,49.5587975,5.706214
Hainaut,50.4443909,3.8645777
Liège,50.602419,5.5113823
West Flanders,51.20234916,3.26054912
Brussels Capital Region,50.8711691,4.3086168
Liège,50.6389162,5.5757355
Hainaut,50.4567,4.09927
Hainaut,50.4044304,4.523572
Liège,50.6432735,5.5800889
Liège,50.7065506,5.9629722
Namur,50.5022173,4.8760877
West Flanders,50.8165738,3.2806029
Luxembourg,49.82594885,5.72653311
Liège,50.6214338,5.5303671
Liège,50.4302211,6.0400343
Hainaut,50.4143499,4.4595574
East Flanders,50.8402005,3.6116348
East Flanders,51.17239,4.150347
Luxembourg,50.3375494,5.5119788
Hainaut,50.0416661,4.3254051
Hainaut,50.4245066,4.53661633
Flemish Brabant,51.0091259,4.7549417
Antwerp,51.19951,4.491152
Walloon Brabant,50.7158951,4.6128257
Brussels Capital Region,50.8854263,4.3172661
Brussels Capital Region,50.8120635,4.4323608
West Flanders,51.3151647,3.1237396
Hainaut,50.4729587,4.2829423
Liège,50.6735224,5.7195935
Hainaut,50.608334,4.141006
Antwerp,51.20162,4.392376
Hainaut,50.5938686,3.4892888
Flemish Brabant,51.0010517,4.9905231
Hainaut,50.2704014,4.2134693
Limburg,51.14281,5.594867
Luxembourg,50.23277,5.62343
Hainaut,50.6056059,3.3880367
Antwerp,51.22187326,4.41613528
Namur,49.9020199,5.0226814
East Flanders,50.76808,3.87239
Antwerp,51.24755,4.439023
Liège,50.2417988,6.0556898
Namur,50.27436786,4.57914921
East Flanders,50.9415,4.032211
Brussels Capital Region,50.8484367,4.3515739
Hainaut,50.3459657,3.8271187
East Flanders,51.12921,4.269114
Namur,50.2892499,5.3055359
Antwerp,51.27973,4.417575
Antwerp,51.02596,4.475763
Brussels Capital Region,50.8465201,4.3344142
Flemish Brabant,50.99654,4.28877
Hainaut,50.4124621,4.3948596
Luxembourg,50.2051647,5.3228505
Hainaut,50.3334575,4.351614
Hainaut,50.4429121,3.9470127
Namur,50.3090424,4.8718068
Flemish Brabant,50.9080776,4.2517437000000005
Hainaut,50.4771076,4.5363885
Liège,50.4112063,6.1009496
Luxembourg,50.0199719,5.5480905
West Flanders,51.2306598,2.9148879
East Flanders,51.0053769,3.8796897
Hainaut,50.4063872,4.4470787
Liège,50.6808335,5.6078665
Namur,50.2084907,4.8013124
Liège,50.3889053,5.3219675
West Flanders,51.3151647,3.1237396
Antwerp,51.222092,4.4203617
East Flanders,51.0342951,3.7640148
Flemish Brabant,50.8929105,4.1050192
Namur,49.8620429,4.9511929
Liège,50.6420307,5.5504697
Flemish Brabant,50.9063033,4.3554919
Brussels Capital Region,50.8133749,4.392556
Hainaut,50.6056059,3.3880367
Namur,50.2522614,4.600506
West Flanders,51.0337809,3.3409665
Limburg,51.1913215,5.3966251
Flemish Brabant,50.8752797,4.6752044
East Flanders,51.0160799,3.6715436
Antwerp,51.1033156,4.3827971
Brussels Capital Region,50.8455668,4.4353881
Liège,50.6839307,5.6715935
Brussels Capital Region,50.8850051,4.3186663
Brussels Capital Region,50.83941,4.38071
Walloon Brabant,50.6326887,4.2632352
Liège,50.40839,6.1451782
Limburg,51.0945879,5.7883822
Walloon Brabant,50.6934506,4.5732954
Luxembourg,49.5520632,5.6419109
East Flanders,51.0798853,3.793717
West Flanders,51.08468,2.5964926
Brussels Capital Region,50.8453946,4.4058054
Antwerp,51.2548,4.964458
Hainaut,50.4224255,3.8819758
Antwerp,51.1671798,4.9434776
Luxembourg,49.6119564,5.6566551
Hainaut,50.699374,3.3314663
Liège,50.6979802,5.6539878
Antwerp,51.1598056,4.4422002
West Flanders,50.7827125,3.0487086
Namur,50.3647074,5.2395547
West Flanders,51.3408811,3.2894201
Liège,50.5186775,5.2396514
Walloon Brabant,50.7109736,4.5306325
Antwerp,51.17977,4.850871
Luxembourg,50.0489697,5.5530338
Hainaut,50.3920769,3.787252
Hainaut,50.6379973,3.3788194
Namur,50.4833333,5.0833333
East Flanders,50.8635981,3.8213363
Hainaut,50.5763049,3.7655209
East Flanders,51.0103403,3.6374217
Namur,50.33727,4.91855
Luxembourg,49.91096965,5.56601399
Antwerp,51.19978,5.130076
Walloon Brabant,50.665465,4.5669046
Walloon Brabant,50.6326887,4.2632352
Flemish Brabant,50.8553561,4.4466314
Luxembourg,49.8488332,5.2664859
Walloon Brabant,50.700512,4.7348288
West Flanders,50.7795242,3.04287
Luxembourg,50.346545,5.3958275
West Flanders,51.10091342,2.62054014
Hainaut,49.9933952,4.3199435
Luxembourg,50.2794127,5.44019236
Namur,50.1540564,4.83677618
Liège,50.6706286,5.6570137
Luxembourg,50.3350543,5.4345624
Limburg,50.9907514,5.2741704
Luxembourg,50.1992047,5.3166144
West Flanders,50.9685498,3.1443098
Hainaut,50.1432001,4.2824498
Liège,50.6203847,5.576094
West Flanders,51.12928,2.75001
Brussels Capital Region,50.87330795,4.35274157
Luxembourg,49.6216258,5.8214036
Hainaut,50.6928972,4.0395141
Antwerp,51.1619177,4.658439
West Flanders,50.9163659,3.3389361
Hainaut,50.722568,3.2326156
Namur,50.4426813,4.6735065
Namur,50.39455,4.69617
Antwerp,51.32456,4.956231
Liège,50.5938943,5.5932414
West Flanders,51.3538896,3.2928744
Walloon Brabant,50.71469,4.3991
Liège,50.6562693,5.6056688
East Flanders,51.0868629,3.7269094
Luxembourg,49.9968857,5.20372685
Liège,50.51850865,5.56310826
Luxembourg,50.0260067,5.3727272
West Flanders,50.8281,3.259722
West Flanders,51.3441553,3.2566235
East Flanders,51.1636277,4.0817483
Flemish Brabant,50.9608089,4.2379936
Limburg,51.0197869,5.7428896
Liège,50.743163,5.9804612
Namur,50.0772664,4.5087651
Hainaut,50.3688567,3.8662125
Luxembourg,50.2869508,5.4318635
Limburg,50.926424,5.4544727
Brussels Capital Region,50.8484495,4.4089812
East Flanders,51.0678307,3.7290914
West Flanders,50.7768825,3.4468173
Brussels Capital Region,50.8235717,4.3766927
Namur,50.2061142,4.84434285
Antwerp,51.02964,4.470402
Walloon Brabant,50.6084983,4.4506894
Brussels Capital Region,50.8103166,4.3454308
Brussels Capital Region,50.832177,4.388949
Flemish Brabant,50.8715778,4.8110245
East Flanders,50.7919381,3.9376868
East Flanders,50.8846,3.93245
Antwerp,51.16006,4.423533
East Flanders,51.0315098,3.7645417
Hainaut,50.722568,3.2326156
Hainaut,50.6531232,3.4442619
Limburg,51.1045287,5.6965558
Brussels Capital Region,50.8522733,4.3756932
East Flanders,50.7495766,3.6225913
Antwerp,51.21349,4.440726
Namur,50.2953756,5.0908015
Antwerp,51.2177205,4.3961361
Brussels Capital Region,50.8670684,4.2946006
East Flanders,50.8846867,4.0666564
Antwerp,51.18029,5.095029
Namur,50.35009,4.96124
Antwerp,51.191087,5.1170647
Brussels Capital Region,50.8122009,4.4143207
Liège,50.6691334,5.52309
Brussels Capital Region,50.803,4.4324200000000005
Luxembourg,50.1424123,5.7874212
Antwerp,51.2805943,4.4254009
Antwerp,51.0321005,4.6345884
Hainaut,50.3922481,4.4436699
Liège,50.7338222,5.6860453
Hainaut,50.6056059,3.3880367
East Flanders,51.0372104,3.7471208
Liège,50.5432056,5.8820149
Liège,50.507161,5.4198582
Liège,50.6426567,5.6160725
Liège,50.6309292,5.5655966
Antwerp,51.0205372,4.5366009
West Flanders,51.2571429,2.9994088
Antwerp,51.31384,4.790024
Brussels Capital Region,50.8037413,4.3926085
Luxembourg,49.5608954,5.808873
Brussels Capital Region,50.842365,4.423892
Walloon Brabant,50.78806,4.670969
Antwerp,51.0926,4.619215
Namur,50.4362723,4.7326694
Liège,50.5947922,5.8607928
Liège,50.6947603,5.7091661
Brussels Capital Region,50.842365,4.423892
Antwerp,51.26506,4.5450800000000005
Antwerp,51.2223,4.479902
East Flanders,50.8303741,4.0601793
Antwerp,51.22811,4.449139
West Flanders,50.9942525,3.2680677
Brussels Capital Region,50.8166408,4.3265268
Flemish Brabant,50.7417425,4.2391853
Liège,50.6567219,5.6139694
Brussels Capital Region,50.8450388,4.4023925
East Flanders,50.91996,4.05593
Hainaut,50.371618,4.4321616
Luxembourg,50.34918901,5.57104163
East Flanders,50.8499238,3.9587478
Hainaut,50.37943,4.03584
Flemish Brabant,50.8405092,4.2140583
West Flanders,51.129505,3.0274116
Walloon Brabant,50.71469,4.3991
East Flanders,51.24243,3.762844
Flemish Brabant,50.8354397,4.4787735
Liège,50.6097892,5.6344308
Namur,50.5990514,4.9307715
Hainaut,50.6642045,3.6557135
East Flanders,50.9886019,3.8353902
East Flanders,51.1086979,3.6227789
West Flanders,51.2293056,2.9223132
Flemish Brabant,50.9280925,4.441469
West Flanders,51.1177185,2.6257442
Brussels Capital Region,50.8850051,4.3186663
East Flanders,50.7796688,3.8848476
Brussels Capital Region,50.79035065,4.35863115
Hainaut,50.5153635,3.5977321
Liège,50.5308248,5.5668357
Antwerp,51.12839,5.01166
Namur,50.27498,4.56593
Antwerp,51.15298,5.151947
Hainaut,50.3241156,4.4465124
East Flanders,51.1146898,3.5607858
Antwerp,51.0334907,4.5879565
Namur,50.2905914,5.3250995
Brussels Capital Region,50.8381814,4.3622909
Flemish Brabant,50.8820888,4.6932732
Antwerp,51.2255912,4.4106644
Hainaut,50.7281602,3.3048918
Namur,50.54525,5.024772
East Flanders,51.0170443,4.0018989
Antwerp,51.06088,4.553276
Brussels Capital Region,50.8726639,4.3197845
Brussels Capital Region,50.8833141,4.33563991
Flemish Brabant,50.913211,4.3746373
Namur,50.4674593,4.8718068
Walloon Brabant,50.59853255,4.32544479
Walloon Brabant,50.67687,4.71943
Liège,50.27537,6.11882
Limburg,51.0107836,5.7249223
Limburg,50.7580454,5.3325064
Hainaut,50.608334,4.141006
West Flanders,50.9973946,3.3460677
Antwerp,50.9949683,4.4727427
Liège,50.5314526,5.1224958
Hainaut,50.7167568,3.5693425
East Flanders,51.065799,3.7265189
Liège,50.48706357,5.58476443
Antwerp,51.0003268,4.4742853
Hainaut,50.6933701,4.0502931
Liège,50.6870243,5.6967846
Antwerp,51.10321,4.72927
Luxembourg,49.8879744,5.1729904
East Flanders,50.7507831,3.6073501
Flemish Brabant,50.9765477,4.4246559
Limburg,51.22836,5.246965
East Flanders,51.25618,3.41408
Hainaut,50.0379115,4.22144774
Hainaut,50.3830616,3.7175716
Flemish Brabant,50.9057269,4.2219866
Antwerp,51.12152,4.492976
Limburg,50.8906284,5.6342673
Liège,50.5736173,5.8694554
Namur,50.29144,5.09475
West Flanders,50.7961693,3.1214422
Antwerp,51.192427,4.735339
Flemish Brabant,50.8776144,4.2838886
Antwerp,51.45118,4.449817
Flemish Brabant,50.9666667,4.1833333
East Flanders,50.8875028,3.7517938
East Flanders,50.975427,3.7271497
Flemish Brabant,50.7696589,4.4885562
West Flanders,50.7783643,3.0448039
Hainaut,50.4303002,4.5188213
Antwerp,51.0298003,4.6640595000000005
Liège,50.5807494,5.8409597
Brussels Capital Region,50.85704605,4.31826338
Namur,50.3777222,4.9421604
Namur,50.1958462,4.5430358
East Flanders,51.067782,3.6983279
Antwerp,51.34628,4.329622
Hainaut,50.425877,3.7969506
Antwerp,51.3417055,4.759869
Hainaut,50.469385,4.1892216
Namur,50.37271761,5.38083041
West Flanders,51.2179222,2.882676
Antwerp,51.0957274,4.3838351
Hainaut,50.6056059,3.3880367
Namur,50.24556605,4.4233953
Walloon Brabant,50.5774515,4.5621379
Liège,50.5915508,5.8781283
Flemish Brabant,50.7434325,4.2732664
East Flanders,50.8359774,3.6052398
Hainaut,50.7281602,3.3048918
Antwerp,51.32402,4.953304
Namur,50.3086907,5.0724485
West Flanders,50.8172313,2.874626
Limburg,51.2056762,5.4175602
Liège,50.5940246,5.4590117
Limburg,51.038634,5.727058
Brussels Capital Region,50.8453824,4.3392652
Liège,50.6410871,5.5349637
East Flanders,50.7705978,3.8871336
Hainaut,50.4960676,4.288132
East Flanders,51.0366201,3.73279
Brussels Capital Region,50.8559301,4.3988799
Brussels Capital Region,50.8365808,4.308187
Antwerp,51.12877,4.5844000000000005
Namur,50.4737841,4.8295919
Liège,50.6437058,5.6677776
Namur,50.2909331,4.39838165
Antwerp,51.0745192,4.5318017
Brussels Capital Region,50.8291588,4.3399814
Antwerp,51.211041,5.1716104
Namur,50.56955365,4.68895484
Antwerp,51.02951,4.526137
Namur,50.4145401,5.1673861
Brussels Capital Region,50.8427501,4.3515499
Walloon Brabant,50.668081,4.6118324
Antwerp,51.1556647,4.4505431
Luxembourg,49.6562971,5.8236075
Limburg,51.0524906,5.3845486
Hainaut,50.5921026,3.41505521
Namur,50.305511,4.70332004
Hainaut,50.2115372,4.3555674
Brussels Capital Region,50.86231494,4.30084714
Hainaut,50.70612105,4.57614557
East Flanders,50.7543858,3.5918276
Liège,50.5936397,5.8607196
Flemish Brabant,50.9406485,4.7337174
Brussels Capital Region,50.8956978,4.3542931
Liège,50.635141,5.3963056
Antwerp,51.25007,4.437176
Luxembourg,50.1501104,5.5783189
Namur,49.8115536,4.8689789
Liège,50.6332063,5.5519531
Hainaut,50.7431781,3.5149473
Brussels Capital Region,50.8205123,4.365994
Namur,50.4674593,4.8718068
East Flanders,51.082322,3.7060696
Luxembourg,50.3747578,5.4687078
Brussels Capital Region,50.82699575,4.3042819
West Flanders,51.3409289,3.2950315
Hainaut,50.3894633,4.4058085
Antwerp,51.05066,4.379073
Antwerp,51.2407352,4.5834231
Liège,50.6532176,5.6089106
Hainaut,50.4278907,4.1185307
Walloon Brabant,50.68736,4.48135
Liège,50.5314526,5.1224958
Liège,50.5121928,5.1538379
Liège,50.4225942,6.1829196
Flemish Brabant,50.82595,4.50775
Namur,50.2956773,5.1008307
Brussels Capital Region,50.8235717,4.3766927
Luxembourg,50.22493,5.29695
Limburg,51.1327045,5.756969
Walloon Brabant,50.69054,4.2026
Antwerp,51.2547,4.459072
Flemish Brabant,50.7488548,3.9804767
Liège,50.4366769,5.6731476
Liège,50.6373519,5.5779525
East Flanders,51.29096,4.174185
Hainaut,50.5905657,3.429654
West Flanders,51.1074629,2.6115159
Luxembourg,50.2865818,5.9154529
Brussels Capital Region,50.8538371,4.3687242
Liège,50.73158295,6.00270331
Antwerp,51.30064,4.733909
Walloon Brabant,50.69054,4.2026
Liège,50.7785883,5.6931844
Luxembourg,49.5994399,5.4818248
West Flanders,50.8431975,3.3069712
Hainaut,50.4749346,4.1883291
Brussels Capital Region,50.8459689,4.2848463
Brussels Capital Region,50.8678643,4.3238064
Flemish Brabant,50.9024901,4.5606615
Limburg,51.1035593,5.7874284
Liège,50.6283961,5.6020769
Limburg,50.9265694,5.4746777
Hainaut,50.43664,4.32036
East Flanders,50.7714347,3.8843804
Hainaut,50.4075342,4.399211
Liège,50.31777,6.26196
Hainaut,50.7459126,3.219272
Namur,50.421206,4.8633172
Hainaut,50.586636,3.80506368
West Flanders,51.339613,3.228106
Hainaut,50.43634,3.82627
Antwerp,51.2923427,4.4369371
East Flanders,51.21663,4.250942
Liège,50.7224789,5.35405654
Liège,50.6029827,5.5594431
Liège,50.5432083,5.2909726
Antwerp,51.2984847,4.7478693100000005
Brussels Capital Region,50.8655251,4.3013599
Brussels Capital Region,50.8,4.3333333
Brussels Capital Region,50.8427501,4.3515499
West Flanders,51.1005534,2.5933858
Brussels Capital Region,50.8575007,4.3495267
Namur,50.0238633,4.6392754
Walloon Brabant,50.6401663,4.77603
East Flanders,51.21883,4.246474
Luxembourg,49.9154208,5.3700992
Walloon Brabant,50.7309955,4.4856707
Liège,50.71382,5.28113
Namur,50.5127604,4.57083012
Namur,50.5461541,4.7229825
West Flanders,50.9582222,3.1676318
Namur,50.4674593,4.8718068
Hainaut,50.6056059,3.3880367
Namur,50.3888423,4.68517368
Limburg,51.2446029,5.534097
Liège,50.7362412,5.6959518
Limburg,51.1201462,5.2617588
Hainaut,50.4157265,4.449213
Liège,50.6369408,5.5633629
West Flanders,51.1329168,2.7433254
Hainaut,50.39217925,4.50024643
Brussels Capital Region,50.8781099,4.3395925
Luxembourg,50.3807834,5.4799304
Hainaut,50.2933201,4.3366266
Hainaut,50.699374,3.3314663
Liège,50.643131,5.6068684
Namur,50.1168503,5.2473288
Antwerp,51.2145679,4.4349291
Flemish Brabant,50.7988152,4.2292137
Luxembourg,49.6833333,5.8166667
Luxembourg,50.3780315,5.5393552
Limburg,50.9887503,5.3429031
Liège,50.6029902,5.5165543
Liège,50.5753541,5.7358137
Limburg,50.77766,5.4586461
Antwerp,51.30168,4.748571
Walloon Brabant,50.7385816,4.6972809
Limburg,50.91764,5.610467
Liège,50.6126719,5.5821727
Antwerp,51.19099,4.375579
Hainaut,50.0378048,4.2150885
East Flanders,51.2056398,4.0799023
Liège,50.6322041,5.7737084
Liège,50.489802,5.6671312
Walloon Brabant,50.665465,4.5669046
Flemish Brabant,50.9583104,4.3178366
Hainaut,50.3922481,4.4436699
Liège,50.6629348,5.9698165
East Flanders,51.0955656,3.6071879
Antwerp,51.16272,4.98609
Flemish Brabant,50.8447426,4.3499833
Flemish Brabant,50.84492,4.51848
Luxembourg,50.2282896,5.3441606
Antwerp,51.14449,4.338077
Liège,50.6566159,5.6131789
Brussels Capital Region,50.8472814,4.432133
Namur,50.0911782,4.6726455
Antwerp,51.0296464,4.6568818
Namur,50.1249068,4.8907071
Antwerp,51.18194,4.835991
Brussels Capital Region,50.8753586,4.3124869
Luxembourg,50.2827157,5.9198778
Liège,50.61897865,5.52953856
East Flanders,50.85930046,3.8187527
Hainaut,50.0633645,4.3640727
Namur,49.8725882,4.9326558
Liège,50.6187878,5.5950455
Brussels Capital Region,50.852128,4.344423
West Flanders,51.1701022,2.7791258
Limburg,51.1857848,5.605966
Liège,50.55808405,5.89438692
Namur,50.1010872,4.6958496
Hainaut,50.5548179,4.3107658
Antwerp,51.0204181,4.477346
Antwerp,51.1429836,4.4511585
Hainaut,49.97559,4.17862
West Flanders,50.7922514,3.1238553
West Flanders,51.3123743,3.1327685
West Flanders,51.1105765,2.6255028
West Flanders,50.9095962,3.3557685
Liège,50.5861214,5.3603101
West Flanders,50.8262638,3.2721682
Walloon Brabant,50.71786,4.602402
Hainaut,50.4659048,4.31877614
Brussels Capital Region,50.8636382,4.4028336
West Flanders,50.8554845,2.8845578
Antwerp,51.14275,4.757771
Limburg,50.94891,5.351357
Liège,50.753321,5.5455668
Namur,50.1611929,5.2656944
East Flanders,51.21911548,4.27440661
East Flanders,51.0825837,3.4519669
Antwerp,51.2136,4.458458
Hainaut,50.608334,4.141006
Limburg,51.102765,5.265446
Antwerp,51.18345,4.835509
West Flanders,50.9058078,3.2015956
West Flanders,50.8010611,3.117752
Antwerp,51.1664397,4.49717
Namur,49.85379,4.96318
Brussels Capital Region,50.8235717,4.3766927
Hainaut,50.7289132,3.8540312
West Flanders,51.3121232,3.1289129
Luxembourg,50.33485,5.4384604
Antwerp,51.17537,4.8373
Namur,50.48970195,5.09580211
Liège,50.4747285,6.1354573
Hainaut,50.513555,4.3581617
Limburg,51.0552105,5.3820721
Namur,49.964694,4.5317052
West Flanders,50.9838166,2.6202691
Liège,50.6198454,5.6131728
Brussels Capital Region,50.8145623,4.3577008
Hainaut,50.5117084,3.9694901
Flemish Brabant,50.8498154,4.5088682
Hainaut,50.7281602,3.3048918
Brussels Capital Region,50.86744,4.37727
Antwerp,51.06032,4.8351
Luxembourg,50.1819668,5.5753127
West Flanders,51.1214907,2.6425123
Limburg,51.0953175,5.7897822
Limburg,51.0555634,5.3819886
Hainaut,50.4166487,4.376359
Brussels Capital Region,50.8616798,4.4199766
Namur,50.43405,4.75922
Hainaut,50.5285674,4.2721491
Liège,50.610608,5.664504
Flemish Brabant,50.9044219,4.3665853
West Flanders,50.9602575,3.1029059
East Flanders,50.88866345,3.80723276
Antwerp,51.21589,4.41297
Namur,50.41913355,4.91566432
Limburg,51.0712952,5.0904304
Namur,50.45515,4.635725
Liège,50.663177,5.9778778
Luxembourg,50.2517425,5.8711513
Walloon Brabant,50.68736,4.48135
Limburg,50.9961753,5.3640543
Antwerp,51.29826,4.688585
Hainaut,50.4520449,4.2613516
Liège,50.6376285,5.5887864
Hainaut,50.493505,4.2812775
Walloon Brabant,50.7075152,4.61300186
Brussels Capital Region,50.84491,4.2920794
Antwerp,51.21851,4.400747
West Flanders,51.2180427,3.2204806
West Flanders,50.7967748,3.125854
Antwerp,51.1646736,5.166249
Liège,50.6166369,5.6179389
Hainaut,50.41798715,4.48566992
Liège,50.6161,5.4472276
Hainaut,50.4512728,4.4836854
Namur,50.4183659,4.6310253
Flemish Brabant,50.7440732,4.2542118
Namur,50.4843601,5.09126185
Limburg,50.81187,5.67238
West Flanders,51.1724936,2.7801546
Hainaut,50.6056059,3.3880367
Flemish Brabant,50.8368238,4.5596025
Brussels Capital Region,50.8484872,4.39835561
Hainaut,50.4193649,4.4531691
Liège,50.6189902,5.9955676
Hainaut,50.4143179,4.4899128
West Flanders,51.0650314,3.1011951
Antwerp,51.1115778,4.3319808
Antwerp,51.10674,4.979298
West Flanders,51.1700796,2.7790696
Namur,50.2783517,5.1538493
Antwerp,51.0894059,4.8284321
Hainaut,50.7319681,3.2051167
Namur,50.3661132,5.0359694
Namur,50.2340362,4.9169434
Liège,50.6319987,5.5750114
East Flanders,50.8875634,3.8108011
West Flanders,51.215952,3.2294244
Limburg,50.86872,5.510166
East Flanders,50.91692,4.07796
Brussels Capital Region,50.8596172,4.3512929
Luxembourg,50.335184,5.4996032
West Flanders,50.9421053,3.1060337
Antwerp,51.18217,4.829412
Luxembourg,50.0020558,5.7160694
Liège,50.6902392,6.0846312
Liège,50.5183882,5.48353293
West Flanders,51.23387,2.9408089
Antwerp,51.22616,4.462481
Flemish Brabant,50.95754,4.441766
Hainaut,50.5606,4.1724
Namur,50.3363,4.98662
Luxembourg,49.7979298,5.0059516
Hainaut,50.6947227,4.0418874
Luxembourg,49.5951053,5.5091003
Liège,50.5182838,5.236806
East Flanders,51.1218316,4.2073834
East Flanders,51.0389685,3.9475142
East Flanders,50.8138142,3.6798978
Namur,50.21479,4.82904
Luxembourg,50.14836799,5.93120343
Liège,50.5709023,5.5364671
Liège,50.6131589,5.9984155
Namur,50.468673,4.8545007
Hainaut,50.4083522,4.2709694
Liège,50.6566546,5.5742597
Luxembourg,50.2339848,5.62480643
Limburg,50.80358154,5.34817304
Brussels Capital Region,50.874902,4.3384109
Hainaut,50.61338,3.4090545
Luxembourg,50.29701731,5.45557321
Namur,50.3095714,4.5427
Luxembourg,49.9847732,5.2579476
Liège,50.64547,5.63488
Limburg,50.9434787,5.27960016
Luxembourg,50.1018464,5.7449618000000005
Liège,50.5912519,5.4455084
Liège,50.698236,5.7551185
Brussels Capital Region,50.8,4.3333333
Brussels Capital Region,50.8,4.3333333
Luxembourg,50.0438004,5.6654242
Antwerp,51.32402,4.953304
East Flanders,50.937793,4.0409133
Hainaut,50.6358738,3.7920247
Antwerp,51.0915149,4.3731727
Antwerp,51.17751,4.832867
West Flanders,50.7937079,3.1258526
West Flanders,50.8469959,2.7359418
Namur,50.43405,4.75922
Namur,49.9586787,4.9255171
Namur,50.4833333,5.0833333
East Flanders,51.14635,4.08824
Antwerp,51.07032,4.519605
Hainaut,50.4048263,3.8383261
Namur,50.4722818,4.8366617
Liège,50.5816394,5.3984831
Hainaut,50.4834513,4.1551172
Liège,50.7438739,5.7285833
Antwerp,51.1691678,4.9884901
Namur,50.2340362,4.9169434
Antwerp,51.32402,4.953304
Limburg,51.3228564,4.9388143
Luxembourg,49.9657301,5.58308251
Luxembourg,50.3515402,5.46108835
Hainaut,50.5310497,3.9451238
West Flanders,51.1177223,2.6269842
Luxembourg,49.6833333,5.8166667
Hainaut,50.4570053,3.9843106
Brussels Capital Region,50.8569755,4.3193694
East Flanders,51.209082,3.4486611
Walloon Brabant,50.6802986,4.2689347
Walloon Brabant,50.7129615,4.611654
Brussels Capital Region,50.8528993,4.3848872
Limburg,50.89683,5.352494
Brussels Capital Region,50.81146,4.3536
Hainaut,50.4157265,4.449213
East Flanders,51.0845974,3.4501133
West Flanders,51.35152,3.288277
West Flanders,50.7638555,2.8976699
Luxembourg,49.956443,5.6897512
Namur,50.4477597,4.7451736
Hainaut,50.6229047,3.3471214
East Flanders,50.87015,3.817769
East Flanders,51.0411671,3.7134907
Liège,50.6392269,5.53754
Brussels Capital Region,50.8365808,4.308187
West Flanders,51.3408,3.2887283
Brussels Capital Region,50.8345171,4.3574643
Liège,50.5175383,5.2423488
Brussels Capital Region,50.85446945,4.30318157
East Flanders,50.7705978,3.8871336
Flemish Brabant,50.9257932,4.7091918
Brussels Capital Region,50.8097262,4.3846186
Antwerp,51.2403,4.431555
Walloon Brabant,50.5886574,4.3308649
West Flanders,51.2252475,2.9232688
Walloon Brabant,50.632777,4.7025798
Namur,49.9805994,4.9393931
Namur,50.1362261,4.7461199
Liège,50.586053,5.5038844000000005
Namur,50.5022173,4.8760877
Namur,50.2721114,4.89926
East Flanders,51.056647,3.8634122
Antwerp,51.02745,4.69272
Limburg,51.0197869,5.7428896
Namur,50.5950627,4.9093398
Limburg,51.0445022,5.1799577
Hainaut,50.513555,4.3581617
West Flanders,51.1230951,2.6417043
West Flanders,51.1826179,2.8230341
Liège,50.6503651,5.5887032
East Flanders,50.7742791,3.8812711
West Flanders,51.1262361,2.7484546
Antwerp,51.2166583,4.4149712
Brussels Capital Region,50.8379518,4.3476739
East Flanders,50.79259022,4.05251674
Walloon Brabant,50.7113795,4.5871684
Namur,50.1330846,4.49661737
Luxembourg,49.6136735,5.7203934
Namur,49.9419756,5.0277028
Flemish Brabant,50.7911663,4.284741
Walloon Brabant,50.7760711,4.7423117
Walloon Brabant,50.6396216,4.3618588
Flemish Brabant,50.7550723,4.3798642
East Flanders,51.2123216,4.1958748
Brussels Capital Region,50.8365808,4.308187
East Flanders,51.05699,3.709426
Liège,50.3298491,5.7624542
East Flanders,51.0568007,3.8595712
Namur,50.16977295,4.41267174
Luxembourg,50.0923631,5.2688798
Hainaut,50.4751358,4.1914321
Brussels Capital Region,50.8569755,4.3193694
West Flanders,51.1103948,2.6231827
Namur,50.1682152,4.4178704
Limburg,51.0524394,5.7401187
Brussels Capital Region,50.7811182,4.3604018
Brussels Capital Region,50.7794209,4.3285855
West Flanders,51.1279212,2.749913
Liège,50.3702418,5.8588446
Brussels Capital Region,50.8568851,4.3454196
Limburg,50.969278,5.6619185
Antwerp,51.32402,4.953304
Namur,50.48915484,5.09483316
Limburg,50.93172,5.345057
Namur,49.9632468,4.5324744
Antwerp,51.01833,4.480841
Liège,50.6345378,5.5752185
West Flanders,50.9949056,3.3246663
East Flanders,51.04467,3.72654
Flemish Brabant,50.74594,4.35753
Brussels Capital Region,50.8301436,4.3402184
Flemish Brabant,50.9742237,4.4685619
Hainaut,50.6056059,3.3880367
East Flanders,50.9874768,3.539389
Limburg,51.0634406,5.2694738
Brussels Capital Region,50.891156,4.3160576
East Flanders,51.209082,3.4486611
Liège,50.6624369,5.5953647
Hainaut,50.6379973,3.3788194
Namur,50.4630907,4.6786862
Brussels Capital Region,50.8492261,4.3080459
East Flanders,50.7843512,3.5894925
Brussels Capital Region,50.80820085,4.3657673
East Flanders,51.0674371,3.7002978
Antwerp,51.21354,4.408292
Hainaut,50.7434327,3.22124486
Hainaut,50.50269286,3.7994959
Antwerp,51.191087,5.1170647
Namur,50.1084912,4.9588018
Liège,50.5775998,5.8373228
Brussels Capital Region,50.8330701,4.3623826
Liège,50.7198242,5.6571891
East Flanders,50.7873351,3.8396638
Flemish Brabant,50.821277,4.4783331
Limburg,50.96919,5.441067
Antwerp,51.22229,4.487236
Namur,50.16314497,4.82906534
Namur,50.21651,4.985589
Liège,50.6273178,5.5222414
Luxembourg,50.3475,5.478466
Brussels Capital Region,50.82438,4.2945858
Flemish Brabant,50.8836336,4.2668079
Liège,50.698352,5.256656
Brussels Capital Region,50.8634085,4.3783557
Limburg,50.88787,5.526891
Antwerp,51.22547,4.43245
Liège,50.6376377,5.5835449
Antwerp,51.16019,4.595102
West Flanders,51.2172473,2.8817023
West Flanders,51.3437012,3.256452
Luxembourg,50.364076,5.4766584
Hainaut,50.7557468,3.4876261
Brussels Capital Region,50.8235717,4.3766927
Limburg,50.88793,5.52609
Brussels Capital Region,50.8656052,4.3274714
Brussels Capital Region,50.8094512,4.3370983
Brussels Capital Region,50.83731,4.29126
Antwerp,51.1105075,4.3737225
East Flanders,51.0041,4.1340984
Liège,50.5186386,5.2551352
Antwerp,51.29227,4.49419
Hainaut,50.4486124,4.3878413
Antwerp,51.1663,4.450217
Luxembourg,49.5628557,5.52196407
Antwerp,51.317197,4.5831473
Antwerp,51.0024932,4.5859637
Liège,50.4342751,6.0517432
Antwerp,51.0166667,4.55
Liège,50.5907183,5.8933366
East Flanders,51.0622755,3.6913255
Brussels Capital Region,50.8599357,4.4173167
Luxembourg,49.69201,5.807975
Namur,50.27283,4.89768
West Flanders,50.7316074,3.3813911
Hainaut,50.3682434,4.2662585
Luxembourg,50.1572636,5.9243825
Hainaut,50.4174416,4.4324017
Brussels Capital Region,50.8321363,4.3130966
Namur,50.16573,4.79594
Namur,49.83651,4.97871
Limburg,50.9316453,5.5551708
Liège,50.6818581,5.5517134
Namur,50.0792875,4.4687845
West Flanders,51.096303,2.5905441
Namur,50.4354384,4.636917
Antwerp,51.0190701,4.4758762
Namur,50.4674593,4.8718068
Liège,50.677882,6.1280873
Hainaut,50.6056059,3.3880367
Liège,50.7267211,6.0008972
Namur,50.1958462,4.5430358
Namur,50.43896,4.79566
Antwerp,51.26292,4.56096
Limburg,50.8694,5.256007
Namur,50.2956773,5.1008307
Brussels Capital Region,50.86744,4.37727
Hainaut,50.722568,3.2326156
Hainaut,50.608334,4.141006
Walloon Brabant,50.71469,4.3991
Brussels Capital Region,50.887834,4.3426664
Antwerp,51.03892,4.324622
Brussels Capital Region,50.8528656,4.3981119
East Flanders,51.0828054,3.779372
West Flanders,50.8455798,3.3121073
Brussels Capital Region,50.8580605,4.306169
Brussels Capital Region,50.891968,4.3156304
West Flanders,51.2126585,3.2049797
Liège,50.610466,5.5039447
Antwerp,51.24001,5.132549
Antwerp,51.1720327,4.8986949
East Flanders,50.88815,3.640739
East Flanders,51.13255,4.221555
Namur,50.37686,4.77791
West Flanders,51.0653134,3.0957882
West Flanders,51.0578926,2.8839529
Limburg,51.0197869,5.7428896
Antwerp,51.38298,4.47518
West Flanders,50.815474,3.2718398
East Flanders,51.0409895,4.1596218
Brussels Capital Region,50.7937692,4.3373656
East Flanders,51.01936,4.11099
Antwerp,51.04309,4.32204
Antwerp,51.05733,4.357876
Brussels Capital Region,50.8371547,4.3632406
East Flanders,50.7717737,3.8740135
Namur,50.13379,4.499025
Liège,50.5013382,5.2367018
Liège,50.6286572,5.1470024
Brussels Capital Region,50.842365,4.423892
Hainaut,50.6056059,3.3880367
Limburg,51.0300642,5.0445051
East Flanders,50.7454342,3.5917397
Namur,50.3147523,5.3771723
East Flanders,51.0763774,3.7303755
Hainaut,50.5293542,3.7936731
Liège,50.5648653,5.6908239
Antwerp,51.1716882,4.432143
Luxembourg,50.33725,5.514623
Limburg,51.2056762,5.4175602
West Flanders,50.9385216,3.1144189
Liège,50.701155,5.6516764
Namur,50.05,4.4833333
Liège,50.6144,5.83447
Limburg,51.1913215,5.3966251
Luxembourg,50.1172801,5.723362
East Flanders,51.1564041,4.1551853
East Flanders,51.0555087,3.7109136
East Flanders,50.7818977,3.5100362
West Flanders,51.1046619,2.594596
Luxembourg,49.6174825,5.4034575
Flemish Brabant,51.0099526,4.6586535
East Flanders,51.0012374,3.8051711
Flemish Brabant,50.8011654,4.2566219
East Flanders,50.9893953,4.1567433
Liège,50.4044394,5.5213789
West Flanders,51.34201,3.285254
Antwerp,51.07515,4.393802
Luxembourg,49.8115256,5.002763
Namur,50.03169,4.92063
Liège,50.6252381,5.0039367
Walloon Brabant,50.6694242,4.5588415
Luxembourg,49.9037127,5.1345943
West Flanders,51.3531347,3.2928802
Hainaut,50.513555,4.3581617
Liège,50.65084,6.02837
Hainaut,50.6005735,3.3901752
Hainaut,50.6801512,3.9840228
Flemish Brabant,50.8001185,4.2557051
Hainaut,50.5291754,3.6483765
Hainaut,50.7340811,3.6784533
Namur,50.23842,4.91083
West Flanders,51.2524308,2.9912524
Namur,50.2956773,5.1008307
West Flanders,50.8497428,2.8751515
Limburg,51.12812,5.411453
Hainaut,50.02576,4.32792
Liège,50.5861773,5.5084058
Liège,50.6182212,5.6617532
Hainaut,50.442797,4.29682259
Antwerp,51.2407352,4.5834231
Brussels Capital Region,50.8,4.3333333
Hainaut,50.36839,3.69813
Brussels Capital Region,50.8740564,4.310958
Namur,50.4674593,4.8718068
Hainaut,50.699374,3.3314663
East Flanders,51.0888552,3.7202924
Liège,50.5921914,5.87188202
Brussels Capital Region,50.8632536,4.3161824
Liège,50.71382,5.28113
East Flanders,51.18235738,3.75098429
Liège,50.6512186,5.6017757
West Flanders,51.0883995,2.9421528
Limburg,50.820758,5.174945
Brussels Capital Region,50.8145845,4.356264
Brussels Capital Region,50.8316214,4.3644099
Brussels Capital Region,50.8202371,4.3315469
Brussels Capital Region,50.8277665,4.366984
West Flanders,51.1588655,2.7621347
West Flanders,50.9406385,3.1235972
Liège,50.534476,5.2141011
Brussels Capital Region,50.813856,4.4023087
Namur,50.43896,4.79566
Flemish Brabant,50.8178121,4.6331989
Walloon Brabant,50.69188,4.7966
Brussels Capital Region,50.8428719,4.4577029
Hainaut,50.4408567,4.2791183
Brussels Capital Region,50.8255097,4.340122
Brussels Capital Region,50.8059599,4.3453516
Antwerp,51.12364,4.815518
Antwerp,51.211041,5.1716104
Brussels Capital Region,50.8078642,4.3540309
Namur,50.3399089,5.3700431
West Flanders,51.3434707,3.2567333
Hainaut,50.7457271,3.2418931
Limburg,50.8159474,5.1777242
Namur,50.54563501,4.59302836
East Flanders,50.7349257,3.6152632
Limburg,51.0168841,5.7244642
Hainaut,50.5871723,3.6916495
West Flanders,51.2571429,2.9994088
Hainaut,50.47274,4.58783
Liège,50.69757,5.25553
Liège,50.60633,5.31729
East Flanders,51.16761,4.311407
East Flanders,51.0581172,3.7329107
Limburg,51.21645,5.3093268
East Flanders,51.1714273,4.14655419
West Flanders,51.2357846,2.9809796
Hainaut,50.608334,4.141006
Namur,50.176451,4.46434682
Limburg,50.98364,5.692493
Namur,50.4833333,5.0833333
Hainaut,50.608334,4.141006
Luxembourg,50.3366318,5.4356842
Hainaut,50.4771076,4.5363885
West Flanders,51.118746,2.6376915
West Flanders,51.2221443,2.908801
Brussels Capital Region,50.87551,4.34811
Namur,50.3756621,4.8674002
Liège,50.6371763,5.56437726
Namur,50.17139,4.90013
East Flanders,51.0587618,4.1524292
Brussels Capital Region,50.8663,4.313512
Namur,50.43896,4.79566
Liège,50.4859198,5.8808715
Limburg,51.0412192,5.2999925
Brussels Capital Region,50.8332535,4.2831515
Walloon Brabant,50.5886574,4.3308649
Liège,50.5930806,5.4537909
Antwerp,51.12374,4.815012
Walloon Brabant,50.6398128,4.36793705
West Flanders,51.0900923,2.9778343
East Flanders,51.18234,4.242785
Namur,50.44938,4.63024
Brussels Capital Region,50.86378015,4.30719556
Liège,50.504768,5.67580155
Liège,50.7453476,5.9943856
Brussels Capital Region,50.8928883,4.3234345
Hainaut,50.4792056,3.7659709
East Flanders,51.0455538,3.7333734
West Flanders,51.1989531,3.1970214
East Flanders,51.13468,4.206624
Limburg,50.7841117,5.4701592
Hainaut,50.5317621,3.7256357
Hainaut,50.425877,3.7969506
East Flanders,51.2147279,4.0249964
Flemish Brabant,50.8144937,4.5710694
Namur,50.4668431,4.8512915
West Flanders,51.1189392,2.6304455
Hainaut,50.7459126,3.219272
Liège,50.3542165,6.1694635
Liège,50.5711139,5.2654335
Liège,50.6311355,5.5884103
Namur,50.4260307,4.9509671
Luxembourg,49.6833333,5.8166667
West Flanders,51.2322179,2.9136255
Antwerp,51.17966,4.371764
Limburg,50.78016,5.470572
East Flanders,51.0831558,3.4480506
East Flanders,51.21478,4.016866
Luxembourg,49.50679025,5.47422217
East Flanders,50.9415351,4.035994
Antwerp,51.08952,4.608178
Luxembourg,50.0113673,5.3849958
Antwerp,51.2138212,4.4385716
Brussels Capital Region,50.84797,4.35384
Luxembourg,49.5406149,5.598873
Liège,50.5667384,5.7187248
Antwerp,51.31697,4.981201
Flemish Brabant,50.8740045,4.2868523
Namur,50.2127777,4.808074
West Flanders,50.8335675,3.4779965
East Flanders,50.7423866,3.5998424
Namur,50.0991781,4.8985614
Antwerp,51.16306,4.987746
West Flanders,51.2126251,2.881945
Limburg,51.06747,5.202743
Walloon Brabant,50.668081,4.6118324
Luxembourg,50.0317221,5.5296068
Luxembourg,50.32806,5.49269
Hainaut,50.738441,3.2337149
East Flanders,51.0539045,3.7178253
Walloon Brabant,50.70141,4.98938
Flemish Brabant,50.91961,4.50384
Brussels Capital Region,50.835947,4.3013959
Antwerp,51.0432043,4.7223665
West Flanders,51.0727739,2.5985489
Namur,50.0947687,4.5218479
West Flanders,50.8499745,3.0243173
Liège,50.6177192,5.1213059
Brussels Capital Region,50.8273546,4.2864259
Hainaut,50.6229047,3.3471214
Brussels Capital Region,50.8129362,4.3581761
Brussels Capital Region,50.8093208,4.4220207
West Flanders,51.0777111,2.6021375
Luxembourg,50.094696,5.162736
East Flanders,50.9467656,3.815505
Hainaut,50.5301464,3.9115368
Antwerp,51.32402,4.953304
Liège,50.5816046,5.5377062
Hainaut,50.7197191,3.236436
Hainaut,50.4494637,4.1910022
Brussels Capital Region,50.841872,4.423494
Namur,50.4563673,4.871877
Hainaut,50.5725734,4.0770512
Walloon Brabant,50.5469104,4.5363494
West Flanders,50.8551445,2.8952193
East Flanders,51.0028673,3.8896461
Brussels Capital Region,50.8398006,4.4509772
Hainaut,50.7459126,3.219272
Namur,50.4145401,5.1673861
Hainaut,50.3414098,4.2928918
Antwerp,51.3021,4.436583
Hainaut,50.4113041,4.2672925
Hainaut,50.5069235,3.5913758
Limburg,50.9070671,5.4241846
Hainaut,50.7459126,3.219272
Liège,50.6009868,5.5119275
Namur,49.99023427,4.47924943
Limburg,51.1566755,5.3747067
Luxembourg,49.83485,5.738209
West Flanders,51.3530874,3.2923242
Namur,50.35009,4.96124
Antwerp,51.1863649,5.2363081
Antwerp,51.1822055,4.3763071
Antwerp,51.17348,5.159798
Flemish Brabant,50.75194,4.209379
Namur,50.32046,4.91206
Luxembourg,49.7005355,5.3211945
Hainaut,50.7459126,3.219272
Liège,50.6124739,5.4888943
Antwerp,51.29227,4.49419
Brussels Capital Region,50.8694655,4.3909154
Hainaut,50.39821,4.33217
Namur,50.18877,5.00573
Hainaut,50.3682434,4.2662585
Brussels Capital Region,50.8144857,4.3418158
Antwerp,51.17218,4.447408
Namur,50.4833333,5.0833333
Liège,50.6044351,5.5401767
Flemish Brabant,50.9331776,4.4271491
West Flanders,51.1134263,2.6235375
Antwerp,51.0320915,4.6056899
Antwerp,51.05183,4.345217
Walloon Brabant,50.7211,4.49388
Limburg,50.83219,5.1668442
Antwerp,51.18767,4.844941
Namur,50.1003926,4.9059609
West Flanders,51.11044,2.61164
Namur,50.1587,4.62201
Walloon Brabant,50.63268,4.647194
Liège,50.5048358,5.6006524
Walloon Brabant,50.7319961,4.4805557
Flemish Brabant,50.8858994,4.7393231
Namur,50.1596036,5.2221665
West Flanders,51.1294202,3.0255184
Hainaut,50.5678375,4.2748602
Luxembourg,50.0575065,5.0650474
East Flanders,51.067782,3.6983279
Liège,50.7028121,5.7516436
West Flanders,51.0352478,2.8385966
Hainaut,50.6121427,3.381241
Walloon Brabant,50.6326887,4.2632352
Antwerp,51.32067,5.092209
Namur,50.23319,4.89233
Antwerp,51.2168016,4.3698335
Luxembourg,49.6884119,5.8166288
Limburg,50.92914,5.351643
Hainaut,50.6056059,3.3880367
Antwerp,51.147536,4.63765971
Brussels Capital Region,50.8059752,4.3413232
East Flanders,50.9876393,3.5394677
Brussels Capital Region,50.8531612,4.4308144
East Flanders,51.035186,3.7245824
Liège,50.5836341,5.4636463
Flemish Brabant,50.7650112,4.499229
Luxembourg,50.2023536,5.3143071
Flemish Brabant,50.9133884,4.4266197
Liège,50.55477245,5.33141953
Liège,50.6144,5.83447
Hainaut,50.4832756,3.8377399
Flemish Brabant,50.8802512,4.5070777
Antwerp,51.28247,4.426887
Brussels Capital Region,50.8476099,4.3412722
Liège,50.6415165,5.2166786
Liège,50.6190197,5.5944617
East Flanders,50.916788,3.961412
Luxembourg,49.8418004,5.4344555
Antwerp,51.0481359,4.6466655
Walloon Brabant,50.70297,4.98973
Namur,50.1499389,4.9098691
Namur,50.4896345,5.0277233
Hainaut,50.3682928,4.4083307
Liège,50.6289933,5.6421104
Liège,50.6731886,5.6399051
Brussels Capital Region,50.8365808,4.308187
Brussels Capital Region,50.8264058,4.3559419
West Flanders,50.9508246,3.1270794
Hainaut,50.4637256,4.3262289
Liège,50.6389162,5.5757355
Antwerp,51.1260564,4.3362036
Walloon Brabant,50.7071723,4.9565357
East Flanders,51.0089944,3.7020217
Brussels Capital Region,50.8658064,4.3067007
West Flanders,51.3521915,3.2880225
West Flanders,50.8590368,3.3760841
Limburg,50.9225609,5.4489979
Walloon Brabant,50.71469,4.3991
Liège,50.6394394,5.5854796
Namur,50.4450019,4.8731295
Hainaut,50.6056059,3.3880367
Brussels Capital Region,50.8286387,4.4494347
Luxembourg,49.5792831,5.8497214
Antwerp,51.32402,4.953304
Hainaut,50.4427249,4.4370311
Brussels Capital Region,50.8166408,4.3265268
Liège,50.66624,5.50521
Antwerp,51.1557515,4.4534477
West Flanders,51.1497688,2.7230314
Luxembourg,49.6694372,5.57796
Luxembourg,50.0099563,5.7219994
Hainaut,50.5114475,4.1649381
Luxembourg,49.7871313,5.0648349
Luxembourg,50.16749543,5.41473697
Antwerp,51.17373,4.447973
Hainaut,50.04880415,4.31435855
Hainaut,50.4427249,4.4370311
Namur,50.4958425,5.0937133
Liège,50.5542121,5.47355354
East Flanders,50.8046682,3.8227044
Brussels Capital Region,50.87113,4.30253
Antwerp,51.222092,4.4203617
Namur,49.8657061,4.9019226
Antwerp,51.18175,5.205731
Liège,50.54803595,5.30886435
Liège,50.6462555,5.5950596
West Flanders,51.0001519,3.3263821
Flemish Brabant,50.7885995,4.5880687
West Flanders,50.9344775,3.1301757
Liège,50.69374,5.72774
Luxembourg,49.90477,5.38243
Antwerp,51.18233573,4.83601771
Hainaut,50.4278907,4.1185307
Liège,50.6706286,5.6570137
West Flanders,50.9101373,3.3678309
Luxembourg,49.6713227,5.6654074
Liège,50.6410226,5.7354293
Namur,50.4260307,4.9509671
West Flanders,51.2181493,2.885613
Hainaut,50.7366773,3.6812862
East Flanders,50.9467656,3.815505
East Flanders,51.0025625,3.9798867
Namur,50.455656,4.8843705
Hainaut,50.7229041,3.28715
Antwerp,51.2398472,4.43241231
Luxembourg,49.8202632,5.0907943
East Flanders,50.78078,3.802428
Brussels Capital Region,50.894096,4.3239236
Antwerp,51.211041,5.1716104
Antwerp,51.0348579,4.5052934
Namur,50.4833333,5.0833333
Liège,50.7354871,5.6951381
Hainaut,50.42399475,4.44914171
Namur,50.05,4.4833333
Hainaut,50.43132,4.467581
Namur,50.2956773,5.1008307
Antwerp,51.23214,4.463617
West Flanders,51.1468048,2.7128275
Liège,50.586415,5.4067796
West Flanders,51.1911801,3.2728563
Liège,50.6196342,5.5900791
West Flanders,51.1206683,2.6428347
Brussels Capital Region,50.80904,4.42989
Flemish Brabant,51.01298,4.297117
West Flanders,50.7869686,3.0449991
Namur,50.05,4.4833333
Hainaut,50.45413,4.1996
Hainaut,50.6855623,4.0095086
East Flanders,50.9292668,4.0384752
Antwerp,51.16816,4.473956
East Flanders,50.9560242,3.9111892
Antwerp,51.0814207,4.3126022
Antwerp,51.02827,4.483525
Liège,50.5526795,5.0922925
Liège,50.5830107,5.4242052
West Flanders,51.232121,2.9204586
Liège,50.609708,5.6650382
Luxembourg,49.9953071,5.0642789
West Flanders,51.16427742,3.18934251
Hainaut,50.3914492,3.8708677
Antwerp,51.17337,4.52856
Namur,50.5499282,4.79988823
Hainaut,50.4179251,4.4605852
Namur,50.21365,4.831160000000001
Brussels Capital Region,50.791351,4.329478
Hainaut,50.50407,4.22108
Limburg,51.1237265,5.3657761
Hainaut,50.3747,4.4737
Brussels Capital Region,50.8589178,4.3120744
Brussels Capital Region,50.8103165,4.3415279
Hainaut,50.4175219,4.1906969
Hainaut,50.1899078,4.2759506
East Flanders,51.00016,4.126488
Namur,50.0014572,4.65991545
Brussels Capital Region,50.8758108,4.3880555
Antwerp,51.29323,4.852065
Brussels Capital Region,50.8143056,4.4341274
West Flanders,51.112922,2.6268106
Brussels Capital Region,50.85686,4.37299
Namur,50.5022173,4.8760877
Liège,50.6740449,5.606961
Liège,50.71578,6.11021
Flemish Brabant,50.7952811,4.1180489
East Flanders,50.9764244,3.7263935
West Flanders,50.776603,3.2784441
Luxembourg,49.691345,5.4133527
Namur,50.333699,4.6114943
Flemish Brabant,50.7168215,3.9407323
East Flanders,51.14872,4.052372
West Flanders,50.9502,3.446975
Brussels Capital Region,50.7123116,4.3939977
Antwerp,51.15427,4.390727
West Flanders,50.9497796,3.1200699
Luxembourg,50.1670102,5.41552
Limburg,50.86872,5.510166
East Flanders,51.0417618,3.7234985
Limburg,51.0148742,5.2799852
Antwerp,51.31924,4.977851
Namur,50.4262951,4.6405274
Hainaut,50.6056059,3.3880367
Luxembourg,50.3117643,5.4122108
Namur,50.17245,4.73232
Namur,50.0561936,4.4920881
Namur,50.0826291,4.6424432
Brussels Capital Region,50.8427501,4.3515499
East Flanders,50.80282845,3.96676461
Namur,50.4658461,4.8618926
East Flanders,50.9348827,4.0377672
Walloon Brabant,50.6802986,4.2689347
Hainaut,50.375923,4.503787
Luxembourg,50.0062326,5.7180245
West Flanders,50.782807,3.1641132
Liège,50.6124926,5.6997606
East Flanders,50.7497709,3.6040642
Luxembourg,50.3107745,5.4125789
Walloon Brabant,50.5886574,4.3308649
Limburg,51.0285412,5.3329844
Liège,50.5820979,5.4039615
Hainaut,50.4261142,4.5469254
Namur,50.4560479,4.8422839
Luxembourg,49.6870032,5.8157327
Flemish Brabant,50.8108689,4.168554
Antwerp,51.0202686,4.4809908
Brussels Capital Region,50.802082,4.33052404
Namur,50.14264876,5.22133847
Flemish Brabant,50.8439953,4.5003682
Hainaut,50.4445253,4.5200447
Antwerp,51.17837,4.825817
Antwerp,51.19268,5.12329
Walloon Brabant,50.71469,4.3991
Luxembourg,49.6868156,5.8142931
Namur,50.3389415,4.59952418
Namur,50.5470867,4.905329
Limburg,51.1913215,5.3966251
East Flanders,51.06396,3.99583
Brussels Capital Region,50.8648307,4.3491892
Liège,50.644254,5.002476
Brussels Capital Region,50.8953814,4.3594167
West Flanders,50.8204338,3.2809069
Antwerp,51.1919,4.501504
East Flanders,50.8343935,3.6070884
Brussels Capital Region,50.8433145,4.3949814
West Flanders,51.099478,2.5924598
Brussels Capital Region,50.8711427,4.3241123
Liège,50.7101362,5.4670844
West Flanders,51.2190708,2.9085037
Limburg,51.1027184,5.1515641
Hainaut,50.4708903,4.1326389
Antwerp,51.0653,4.354926
Flemish Brabant,50.8827442,4.694841
East Flanders,50.7864998,3.9190799
Liège,50.6686997,5.5108884
Hainaut,50.38302,4.4262564
Brussels Capital Region,50.857805,4.311145
Luxembourg,50.3753035,5.5149689
Liège,50.581106,5.76639092
Hainaut,50.6056059,3.3880367
Liège,50.517394,5.239938
Antwerp,51.0605723,4.5772124
Antwerp,51.28915,5.051301
Liège,50.5910337,5.8655774
Limburg,50.76991,5.260904
Flemish Brabant,50.919669,4.563993
East Flanders,50.9799882,3.5327728
Limburg,51.0363601,5.7254347
Hainaut,50.4623107,3.7129612
Brussels Capital Region,50.889469,4.3447886
Liège,50.507161,5.4198582
East Flanders,51.0393921,3.7333858
Liège,50.7161679,6.0127812
Limburg,51.1362893,5.6160625
Brussels Capital Region,50.8301403,4.2828964
Namur,50.5022173,4.8760877
Namur,50.15984195,5.22161804
Luxembourg,49.91864965,5.5845043
Antwerp,51.0647242,4.816508
Liège,50.5998982,5.8686617
Limburg,51.0476513,5.2232534
Liège,50.627944,5.587698
Brussels Capital Region,50.8569755,4.3193694
Liège,50.6166407,5.5006713
Brussels Capital Region,50.8638877,4.3130327
Liège,50.6476355,5.5546246
Hainaut,50.3373282,4.5277925
West Flanders,51.1649343,3.0181992
Hainaut,50.74289,3.23759
Luxembourg,49.6802576,5.4972451
Namur,50.23316,4.89401
Brussels Capital Region,50.8562936,4.3090314
Hainaut,50.4619348,4.1771328
Namur,50.249487,4.43469048
Liège,50.6191874,5.4848603
Brussels Capital Region,50.8757787,4.3497107
Antwerp,51.21951,5.082584
Brussels Capital Region,50.8733906,4.3564532
Antwerp,51.1748608,4.8375366
Namur,50.1097142,4.9566364
Brussels Capital Region,50.8275874,4.3067198
West Flanders,50.8523376,3.3543497
Antwerp,51.21986,4.453207
Luxembourg,49.7809357,5.0636521
Liège,50.6350552,5.5808986
West Flanders,50.7759506,3.2251357
Flemish Brabant,50.73071,4.240791
Hainaut,50.7459126,3.219272
East Flanders,50.9622633,3.7403244
Hainaut,50.6056059,3.3880367
Brussels Capital Region,50.8145422,4.37899
Hainaut,50.7451874,3.2050782
Antwerp,51.06166,4.859148
Antwerp,51.02149,4.606013
Limburg,51.0370759,5.7199734
Liège,50.5827857,5.8378814
Namur,50.3777222,4.9421604
Antwerp,51.061611,4.6341049
Liège,50.67224465,5.66429811
Brussels Capital Region,50.7952178,4.3211989
Namur,50.4892826,5.12604024
Brussels Capital Region,50.8135769,4.4140542
Antwerp,51.23094,4.466009
Hainaut,50.4832756,3.8377399
Antwerp,51.20707,4.426629
Brussels Capital Region,50.8110358,4.4311843
Antwerp,51.331885,4.368634
Liège,50.6365756,5.5884849
Antwerp,51.08144,5.018847
Hainaut,50.32891,4.41302
Liège,50.4295786,6.027346
Brussels Capital Region,50.8268815,4.297815
Brussels Capital Region,50.85070315,4.38851752
Hainaut,50.6098918,3.6407806
Antwerp,51.24357,4.438785
East Flanders,51.0402636,3.7016954
Brussels Capital Region,50.874464,4.399615
East Flanders,50.8469306,3.6014367
Liège,50.6858278,5.6726071000000005
Brussels Capital Region,50.863423,4.3547239
Antwerp,51.31828,4.953854
Hainaut,50.5903852,3.4334752
Antwerp,51.20077,4.421228
Hainaut,50.412493,4.440934
Flemish Brabant,50.8574519,4.4504393
Liège,50.4570427,6.2191922
East Flanders,50.7928312,3.6751829
West Flanders,51.3183559,3.137841
Antwerp,51.29837233,4.74799269
West Flanders,50.87101,3.18195
Limburg,50.9742829,5.0994554
Flemish Brabant,50.7572409,4.1612472
Hainaut,50.6998095,4.0629475
Brussels Capital Region,50.8603819,4.3202485
Limburg,50.86456,5.192375
Liège,50.6104742,5.3186215
Limburg,50.798231,5.1480501
Luxembourg,50.1670102,5.41552
Flemish Brabant,50.84164,4.10923
West Flanders,50.9149216,2.8379377
Namur,50.058688,4.5319453
Flemish Brabant,50.9018719,4.6218667
Antwerp,51.19172,5.225556
Brussels Capital Region,50.8,4.3166667
Hainaut,50.6056059,3.3880367
West Flanders,51.1460041,2.7291241
Brussels Capital Region,50.8827913,4.3457353
Liège,50.6283961,5.6020769
Walloon Brabant,50.7226488,4.86467746
Liège,50.6008997,5.538925
Liège,50.637608,5.5813234
Limburg,51.0197869,5.7428896
Hainaut,50.5021374,4.1108248
Flemish Brabant,50.8074589,4.5458905
Luxembourg,49.77078945,5.78975211
Namur,50.2919424,5.0925714
Antwerp,51.22229,4.404342
Namur,50.468673,4.8545007
Brussels Capital Region,50.8569755,4.3193694
Liège,50.59219825,5.90044433
Hainaut,50.4556038,4.24393204
Luxembourg,50.1572011,5.41763429
West Flanders,51.1032309,2.6097387
East Flanders,51.0514154,3.7016977
Walloon Brabant,50.5886574,4.3308649
East Flanders,51.0906656,3.7607501
East Flanders,50.91445,3.726272
Namur,50.43896,4.79566
Liège,50.7417906,5.6453316
Brussels Capital Region,50.865341,4.295748
Liège,50.6306269,5.5762879
Luxembourg,50.0243,5.35328
Flemish Brabant,50.9884189,4.7187693
Hainaut,50.73765605,3.23762029
Antwerp,51.09034,4.611351
Liège,50.5382776,5.607054
Namur,49.9241329,5.0317777
Brussels Capital Region,50.8483697,4.3968536
Namur,50.2952862,4.4837245
Hainaut,50.5921028,3.4269429
Hainaut,50.4472469,3.8949043
Brussels Capital Region,50.8359415,4.3609025
Antwerp,51.31201,4.734297
Luxembourg,49.84361,5.277246
West Flanders,51.1700674,2.7790965
Brussels Capital Region,50.8422316,4.4139711
Namur,50.32751,4.87989
Hainaut,50.5777389,4.0573135
Antwerp,51.230252,4.4170226
West Flanders,51.35459,3.294755
Hainaut,50.513555,4.3581617
Liège,50.5921654,5.5927898
Namur,50.18750295,4.82964414
Antwerp,50.99567,4.5298490000000005
Flemish Brabant,50.8314294,4.0879776
East Flanders,50.7575009,3.6055407
Antwerp,51.21341,4.439516
Antwerp,51.32196,4.843338
Liège,50.5991759,5.63326
East Flanders,50.774488,3.8822941
Brussels Capital Region,50.8270364,4.3636175
Liège,50.7101309,5.6798093
Liège,50.6421118,5.5689165
East Flanders,50.7356609,3.6036951
Hainaut,50.5923795,3.3745552
Brussels Capital Region,50.8,4.3333333
Walloon Brabant,50.6746058,4.1876627
West Flanders,51.2352307,2.9176833
Liège,50.6129865,5.5516981
Flemish Brabant,50.9851722,4.4748517
West Flanders,51.2387151,2.9471992
Hainaut,50.4100558,4.3249526
Liège,50.6358183,5.5674281
West Flanders,51.097369,2.5756623
Liège,50.6509994,5.5486387
Flemish Brabant,50.9984016,4.6861143
Liège,50.7240773,6.0210386
Liège,50.5679459,5.8706016
Namur,50.4569305,4.81796247
West Flanders,51.151296,2.723327
Namur,50.2878036,5.3117259
Liège,50.69757,5.25553
Antwerp,51.1556647,4.4505431
Brussels Capital Region,50.8365808,4.308187
Namur,50.4749062,4.7151909
West Flanders,51.0434327,3.390903
Liège,50.6689883,5.6601278
Hainaut,50.56107,3.674316
Liège,50.5923744,5.8592737
Antwerp,51.0568694,4.6615026
Hainaut,50.0844529,4.2660214
Antwerp,51.19569,4.499349
Luxembourg,50.09230976,5.77896966
Namur,50.2956773,5.1008307
Hainaut,50.6056059,3.3880367
Luxembourg,49.8511052,5.4467242
Namur,50.1596036,5.2221665
Hainaut,50.4089317,4.5437827
Namur,50.06536425,4.61051125
Hainaut,50.4009021,4.4086539
Flemish Brabant,51.0249,4.312442
Hainaut,50.4125952,4.4351369
Namur,50.26452,4.95634
East Flanders,50.9210605,3.8950821
Brussels Capital Region,50.8518271,4.3129172
Walloon Brabant,50.6462709,4.6553809
West Flanders,51.2094865,3.2373323
Flemish Brabant,51.04252,5.104451
Liège,50.6967183,5.3106278
Namur,50.27983,4.494943
Brussels Capital Region,50.8282783,4.38569
Flemish Brabant,50.8983763,5.1773169
Limburg,51.03297,5.284009
Hainaut,50.4472185,3.9506179
Liège,50.6077908,5.7164042
Namur,50.3174893,4.6464726
Brussels Capital Region,50.874464,4.399615
Brussels Capital Region,50.8395119,4.4091507
Luxembourg,50.2161131,5.3385435
Liège,50.7428826,5.9796043
Antwerp,51.20857,4.422673
Liège,50.6078339,5.8593528
Hainaut,50.4523331,3.9966305
Liège,50.6374779,5.58009344
Namur,50.1686547,4.40246619
Namur,50.24561,4.92103
West Flanders,50.9097529,3.395699
West Flanders,50.7875452,3.1285022
Antwerp,51.22693,4.425274
West Flanders,51.2081357,3.2255807
Namur,50.4630907,4.6786862
Antwerp,51.2754406,4.4187131
Hainaut,50.4496841,3.888853
Antwerp,51.24867,4.439379
Limburg,51.0323565,5.1652589
Liège,50.4659869,6.1040305
Limburg,51.13005,5.24911
Namur,50.1355302,4.73997469
Brussels Capital Region,50.84632,4.380726
West Flanders,51.215922,2.8793051
Flemish Brabant,50.83854,4.5084800000000005
Hainaut,50.69450565,3.65898515
West Flanders,51.316639,3.1415235
West Flanders,50.9541226,3.1338531
Antwerp,51.2155237,4.5985501
Luxembourg,49.6070798,5.4581897
West Flanders,50.8918652,2.8627496
Brussels Capital Region,50.8596977,4.3318572
East Flanders,50.9658713,3.9773269
Hainaut,50.608334,4.141006
East Flanders,50.7403554,3.5908698
Hainaut,50.42188,4.19475
East Flanders,50.82946,4.049256
Namur,50.4837258,4.8866433
Flemish Brabant,50.73853,4.23065
Hainaut,50.4162306,4.4866618
Flemish Brabant,50.9769058,4.6304089
Liège,50.6164417,5.6075922
Hainaut,50.3373282,4.5277925
Flemish Brabant,50.9022282,4.3481449
Namur,50.421206,4.8633172
Hainaut,50.4759902,4.1879818
Namur,50.4674593,4.8718068
Antwerp,51.31443,4.782196
Namur,50.4260678,4.6413683
Hainaut,50.4974738,3.6073123
Brussels Capital Region,50.8,4.3166667
Namur,50.2534042,4.4402442
Antwerp,51.46883,4.464514
Antwerp,51.35489,4.391818
Walloon Brabant,50.7385816,4.6972809
Brussels Capital Region,50.8747904,4.30136
Antwerp,51.32402,4.953304
Hainaut,50.4048263,3.8383261
West Flanders,51.11392,2.6244
Liège,50.6283219,5.5793664
Hainaut,50.6056059,3.3880367
Luxembourg,50.1231995,5.3179234
Namur,50.42487,4.620989
Antwerp,51.32402,4.953304
Luxembourg,50.13056,5.27578
Liège,50.6188458,5.5176271
Liège,50.6863968,5.6359322
Hainaut,50.4166487,4.376359
Liège,50.4583179,5.7129033
Liège,50.6725464,5.5867434
Liège,50.600537,5.5386289
Limburg,51.0966485,5.4435442
Flemish Brabant,50.7249021,5.0917481
Limburg,51.0225148,5.3764197
Hainaut,50.5411542,4.263271
West Flanders,51.1145183,2.6398803
Antwerp,51.35189,4.940053
Brussels Capital Region,50.8219885,4.4215609
Namur,50.4185928,4.9239001
Hainaut,50.031015,4.1789941
Luxembourg,50.22607,5.345114
Brussels Capital Region,50.8614363,4.4171968
Hainaut,50.69636295,4.04413511
East Flanders,50.8738765,3.9587456
Antwerp,51.11342,4.868457
Limburg,50.969278,5.6619185
Luxembourg,49.897853,5.1197096
Brussels Capital Region,50.8424915,4.342983
Antwerp,51.0237386,4.5484860000000005
Flemish Brabant,50.9463272,4.4623984
East Flanders,51.0539045,3.7178253
Limburg,51.038228,5.1744956
Luxembourg,50.08323,5.112611
West Flanders,51.117909,2.6272537
Namur,50.33987,4.61024
West Flanders,51.20941,3.22523
East Flanders,51.067782,3.6983279
Namur,50.457384,4.7741678
East Flanders,51.18508,4.274441
Brussels Capital Region,50.8993503,4.3567167
Hainaut,50.3682434,4.2662585
Namur,50.4426565,4.7630265
Brussels Capital Region,50.832177,4.388949
Liège,50.6716586,5.0818659
East Flanders,50.88442,3.89365
East Flanders,50.90327,4.01104
Brussels Capital Region,50.8350452,4.4291427
Liège,50.6116057,5.6689438
Antwerp,51.19688,4.405511
Flemish Brabant,50.84347,4.51131
Namur,50.4854895,4.7656474
Limburg,50.92919,5.351451
Hainaut,50.3850904,3.7504116
Namur,50.21548,4.81195
Liège,50.6364791,5.6545197
Brussels Capital Region,50.8506475,4.3544719
Namur,50.2707804,4.5013319
Walloon Brabant,50.6375608,5.5610896
Brussels Capital Region,50.7899313,4.3605285
Brussels Capital Region,50.8973844,4.3674934
West Flanders,50.9426055,3.1081985
Liège,50.534476,5.2141011
Antwerp,51.042779,4.333886
Liège,50.5904005,5.6861503
Liège,50.66451535,5.62886791
Brussels Capital Region,50.8,4.3333333
Hainaut,50.3079073,4.18068445
Limburg,51.0349331,5.7195035
Liège,50.6195247,5.5222562
Brussels Capital Region,50.8729419,4.3352867
Namur,50.4460479,4.8992345
Antwerp,51.22921,4.478595
West Flanders,51.17968,3.2217617
Hainaut,50.608334,4.141006
Luxembourg,49.8541667,5.2533333
Antwerp,51.1322553,4.7708325
West Flanders,51.2500373,3.0380713
Antwerp,51.07661,4.422987
Brussels Capital Region,50.8434892,4.3471022
Liège,50.4615963,5.9857188
Limburg,51.0187918,5.727214
West Flanders,51.3189284,3.1394318
Liège,50.57936655,5.83339829
Hainaut,50.4666667,4.2833333
Brussels Capital Region,50.8714935,4.3913928
Flemish Brabant,50.8480161,4.2821503
Brussels Capital Region,50.84298998,4.306085
Hainaut,50.6157317,3.463517
Hainaut,50.6056059,3.3880367
West Flanders,50.9423193,3.1175347
Luxembourg,49.5871911,5.5862953
East Flanders,50.8469306,3.6014367
Brussels Capital Region,50.8473167,4.3677432
Antwerp,51.31931,4.852018
Antwerp,51.32241,4.928637
Antwerp,51.17891,4.985965
Brussels Capital Region,50.8381484,4.4329851
Flemish Brabant,50.93159,4.367823
West Flanders,51.3323156,3.2053131
Luxembourg,50.3686944,5.4659076
Flemish Brabant,50.8449552,4.4816085
Hainaut,50.0844529,4.2660214
Walloon Brabant,50.72438585,4.70447357
West Flanders,51.0559517,2.980556
Hainaut,50.464552,4.4314556
Brussels Capital Region,50.8176921,4.4108634
Luxembourg,49.99961772,5.69781869
Namur,50.27579,5.07174
Liège,50.5874852,5.5060009
Walloon Brabant,50.61341,4.35387
Hainaut,50.4304684,4.332246
Limburg,51.0197869,5.7428896
Antwerp,51.0464,4.500909
Namur,50.32579759,4.87506224
West Flanders,50.88524,3.2339337
East Flanders,50.8469306,3.6014367
Antwerp,51.0948374,4.7864873
Limburg,50.8873844,5.2054144
Liège,50.5258411,5.233963
Hainaut,50.4427249,4.4370311
Namur,50.32934485,5.11261165
Antwerp,51.1850093,4.3908314
Brussels Capital Region,50.8562218,4.3320253
Brussels Capital Region,50.86398705,4.36818329
West Flanders,51.3570954,3.3061202
West Flanders,51.1683875,3.3400208
Brussels Capital Region,50.8395119,4.4091507
Brussels Capital Region,50.842365,4.423892
Antwerp,51.1717,4.832553
Hainaut,50.4582338,4.2456257
Liège,50.6090878,5.7513917
Namur,50.20408,4.84758
Brussels Capital Region,50.8649729,4.3423727
Hainaut,50.4055222,4.3957235
Antwerp,51.17343,4.528824
Liège,50.4442921,5.602847
Brussels Capital Region,50.8,4.3333333
Brussels Capital Region,50.8275668,4.2863035
Brussels Capital Region,50.8555635,4.3057152
West Flanders,51.2263593,2.9097839
Liège,50.5163767,5.4239552
East Flanders,50.7568877,3.6205751
West Flanders,51.3169577,3.1333413
Namur,50.25960595,4.43902506
Namur,50.21287,4.83356
Hainaut,50.7459126,3.219272
Antwerp,51.1306256,4.4432041
Brussels Capital Region,50.82530135,4.330044
Hainaut,50.4802553,4.4059529
East Flanders,50.761905,3.92582
Brussels Capital Region,50.85446945,4.30318157
Luxembourg,50.2871311,5.4834211
Brussels Capital Region,50.8473388,4.4120253
East Flanders,51.15442,4.157551
West Flanders,51.1372558,2.7611864
West Flanders,50.9511339,3.2870472
Luxembourg,50.03495075,5.59932628
Brussels Capital Region,50.829243,4.3084555
East Flanders,50.9394636,4.139418
Liège,50.69875,5.21265
Hainaut,50.4337376,4.4140786
Brussels Capital Region,50.8641383,4.4153964
Antwerp,51.03274,4.486053
East Flanders,51.098,4.123146
Flemish Brabant,50.84492,4.51848
Antwerp,51.32978,4.95229
Limburg,51.08673,5.238311
Hainaut,50.5814329,3.7755504
Antwerp,51.0007738,4.5819274
Liège,50.5909446,5.8688666
West Flanders,50.8868224,3.3183638
West Flanders,50.7845667,3.2154419
Liège,50.6253955,5.5980453
Flemish Brabant,50.8471906,4.4863037
East Flanders,51.14446,4.147615
Liège,50.6065098,5.3342174
Hainaut,50.36854,3.93351
Hainaut,50.4315093,4.44718
Flemish Brabant,50.9131235,4.1981978
Hainaut,50.4011295,4.4708406
West Flanders,51.0335753,2.8675759
Namur,50.1003926,4.9059609
Limburg,50.9462,5.229643
Antwerp,51.0792759,4.66963841
West Flanders,50.7877381,3.0522924
Antwerp,51.08669,4.370183
Luxembourg,50.3371496,5.49553884
Luxembourg,50.33372555,5.50211699
Brussels Capital Region,50.8,4.3166667
Limburg,51.0716,5.28771
Brussels Capital Region,50.8564154,4.3894434
Liège,50.5966073,5.8563555
West Flanders,51.125825,2.6606111
Brussels Capital Region,50.8553279,4.3715918
Liège,50.7076015,5.8557711
Hainaut,50.3073558,4.1113839
Brussels Capital Region,50.792153,4.3190845
Antwerp,51.2202949,4.4134909
Brussels Capital Region,50.9008118,4.3582515
Namur,50.0816488,5.0393176
Brussels Capital Region,50.8498196,4.3469919
Liège,50.6606251,5.616163
Namur,50.1958462,4.5430358
Walloon Brabant,50.71469,4.3991
Brussels Capital Region,50.8,4.3166667
Limburg,50.92919,5.351451
West Flanders,51.3347537,3.2410972
Brussels Capital Region,50.8655333,4.3379257
Antwerp,51.04023,4.47326
Hainaut,50.5275483,3.8576244
Antwerp,51.178312,5.1643454
East Flanders,50.84021,3.611476
West Flanders,51.09755514,2.62196162
Namur,50.45738,4.81096
Luxembourg,49.6833333,5.8166667
Liège,50.6364889,5.5697128
Hainaut,50.4616794,4.4324171
Namur,50.2633039,4.908539
East Flanders,51.0553839,3.769063
Namur,50.4497663,4.8681796
Liège,50.577931,5.8377461
Antwerp,51.08686,4.848069
Liège,50.5575449,5.8977578
Antwerp,51.29718,4.568526
Brussels Capital Region,50.8569755,4.3193694
Brussels Capital Region,50.7872139,4.3271483
Namur,50.2095082,4.8020963
Walloon Brabant,50.68736,4.48135
Hainaut,50.6642045,3.6557135
Namur,50.2451448,4.6468567
Luxembourg,49.6993509,5.3071011
Brussels Capital Region,50.8,4.3166667
Limburg,51.10320705,5.17798209
Flemish Brabant,50.8154616,4.5049972
Namur,50.4674593,4.8718068
Luxembourg,49.7919666,5.0651937
East Flanders,51.0979739,4.12316808
Liège,50.6210528,5.00568195
Flemish Brabant,50.8659033,4.244656
Walloon Brabant,50.60756,4.649301
Luxembourg,49.5657722,5.5320032
West Flanders,50.799427,3.2941655
Hainaut,50.35032145,4.2757396100000005
Limburg,51.0517486,5.7383491
Luxembourg,50.35064,5.49306
Brussels Capital Region,50.8381484,4.4329851
West Flanders,50.800172,3.1211857
Hainaut,50.2374748,4.2419913
Namur,50.502048,4.8790014
Brussels Capital Region,50.8587362,4.3270521
Liège,50.58046565,5.40227552
Hainaut,50.7073288,2.8833852
Liège,50.7068343,5.6445265
Hainaut,50.499402,4.237712
Flemish Brabant,50.99691,4.66114
Hainaut,50.6056059,3.3880367
Walloon Brabant,50.71469,4.3991
East Flanders,51.0523854,3.7198691
Brussels Capital Region,50.8,4.3333333
Liège,50.5326636,5.4761468
Liège,50.6159302,5.4993813
Brussels Capital Region,50.8553565,4.3056841
East Flanders,50.812904,3.8814947
Namur,50.4952668,5.0870873
Walloon Brabant,50.7117578,4.5370267
Brussels Capital Region,50.8235717,4.3766927
Hainaut,50.722568,3.2326156
Hainaut,50.56931113,3.50871588
Walloon Brabant,50.665001,4.3491437
East Flanders,51.0057887,3.8884116
West Flanders,51.1778862,2.7999762
East Flanders,51.17319,4.308991
Flemish Brabant,50.92567,4.695432
Antwerp,51.3232056,4.5391747
Hainaut,50.6448071,3.283159
Flemish Brabant,50.9054755,4.2048959
Antwerp,51.19737,4.439352
Liège,50.6202005,5.0728501
Luxembourg,50.3516098,5.6585576
Liège,50.5826911,5.5480396
East Flanders,50.773482,3.8821423
Antwerp,51.21966,4.45304
Liège,50.6396886,5.57078721
Brussels Capital Region,50.8235717,4.3766927
Walloon Brabant,50.7158951,4.6128257
West Flanders,51.1292923,2.7545629
Antwerp,51.36197,4.544155
Brussels Capital Region,50.8692003,4.3824229
West Flanders,51.1397311,2.7376287
Hainaut,50.475725,4.1225486
West Flanders,51.2289305,2.9426822
Liège,50.6201882,5.5888124
West Flanders,51.1851369,2.8111433
Liège,50.652482,5.5968252
Luxembourg,49.6802576,5.4972451
Namur,50.2956773,5.1008307
Antwerp,51.1768541,4.8355946
Limburg,50.92973,5.33823
Liège,50.53226065,5.21367493
West Flanders,51.097318,2.5926157
Namur,50.1958462,4.5430358
Limburg,51.0194099,5.3245917
Brussels Capital Region,50.85144545,4.37354161
Luxembourg,49.9230008,5.3789188
Namur,50.30648681,4.63112317
Hainaut,50.4000125,3.7827922
Luxembourg,49.9444556,5.6202645
Brussels Capital Region,50.8,4.3333333
Luxembourg,49.570898,5.84247676
Liège,50.14005865,6.13427328
Liège,50.5314526,5.1224958
West Flanders,51.2357846,2.9809796
Flemish Brabant,50.9494793,4.4683195
Limburg,50.7577996,5.4808909
East Flanders,51.0635923,3.7757182
Brussels Capital Region,50.8307881,4.3549116
Flemish Brabant,50.8992307,4.3208681
Liège,50.568708,5.8031873
Limburg,51.0987,5.140306
Hainaut,50.5310497,3.9451238
West Flanders,51.2262601,2.9119418
Flemish Brabant,50.77401,4.18501
Liège,50.7245039,5.6888434
Brussels Capital Region,50.8603501,4.2954555
Liège,50.6408959,5.599004
Hainaut,50.7570718,3.19612895
Liège,50.6458034,5.5322934
Hainaut,50.4219636,3.8449946
Liège,50.5938635,5.8567082
Limburg,50.99899,5.138137
Hainaut,50.3736274,4.4768918
Walloon Brabant,50.6831895,4.2252064
Antwerp,51.20296,4.464802
Brussels Capital Region,50.8483334,4.3486911
Brussels Capital Region,50.8516921,4.344549
Liège,50.581876,5.1502934
Flemish Brabant,50.9780227,4.3341282
Hainaut,50.5095989,3.6109155
East Flanders,51.1649889,4.3075024
Namur,50.1872873,4.8326378
Limburg,51.0966039,5.1730329
West Flanders,51.2519935,2.9755725
East Flanders,51.0103403,3.6374217
Luxembourg,49.6216258,5.8214036
Antwerp,51.0730677,4.534177
Namur,50.53391,4.74584
Liège,50.6028382,5.5027078
West Flanders,51.3122668,3.1315635
Luxembourg,49.8493554,5.4446673
Limburg,51.0705952,5.122844
Luxembourg,50.13397,5.790923
West Flanders,50.919371,3.2092189
Flemish Brabant,50.7162006,4.1983363
Namur,50.36822,5.27783
Namur,50.330908,5.3039346
West Flanders,50.834699,3.162201
Brussels Capital Region,50.8454603,4.3840161
Namur,50.4434743,4.6748383
Antwerp,51.191087,5.1170647
Hainaut,50.7129496,3.2865695
Liège,50.5951833,5.4103498
Hainaut,50.7459126,3.219272
Hainaut,50.6668526,3.6198639
Luxembourg,50.3995724,5.5121463
Brussels Capital Region,50.8,4.3333333
Namur,50.29517,4.48336
West Flanders,50.851312,3.0976973
Brussels Capital Region,50.8752326,4.3092815
Walloon Brabant,50.64626,4.570598
Antwerp,51.04441,4.33026
East Flanders,50.9277345,4.131909
Liège,50.6327659,5.3965123
Liège,50.6729003,5.6007927
Namur,50.16347,4.83208
Liège,50.7322707,5.6641453
Antwerp,51.2407352,4.5834231
West Flanders,50.9725581,2.8969959
Liège,50.6335016,5.5537253
West Flanders,50.7895984,3.1288622
Hainaut,50.699374,3.3314663
Namur,50.4967288,5.1187816
Brussels Capital Region,50.8685926,4.2893223
East Flanders,51.16557,4.14484
East Flanders,51.18851,4.234611
Namur,50.0681342,4.8491337
Luxembourg,50.1457074,5.9245645
Liège,50.53472273,5.8128389
Luxembourg,50.13267,5.27831
Luxembourg,49.5616942,5.8347247
Namur,50.2340362,4.9169434
Hainaut,50.4247834,3.8419161
Walloon Brabant,50.69212,4.22163
Hainaut,50.4201022,4.1922205
Walloon Brabant,50.6401663,4.77603
Liège,50.6967536,5.3422762
Flemish Brabant,50.9205889,4.390003
Flemish Brabant,50.8374593,4.8606034
Liège,50.51758,5.243677
Liège,50.683728,5.6717757
Luxembourg,50.1857406,5.8885749
Limburg,51.0114476,5.7328993
Brussels Capital Region,50.8,4.3333333
East Flanders,51.21499,4.024378
Namur,50.25407,5.19029
Luxembourg,50.1278535,5.7925527
Hainaut,50.5080633,4.1992863
Brussels Capital Region,50.8130551,4.3601464
Luxembourg,49.84225075,5.74671425
Hainaut,50.4219636,3.8449946
Hainaut,50.4266258,4.6082955
West Flanders,50.7787962,3.2286445
West Flanders,51.1697856,2.7779143
Hainaut,50.5976737,3.6131362
Namur,49.8666789,4.9038827
East Flanders,51.0564212,3.7360874
Limburg,50.9174379,5.3252373
Antwerp,51.06952,4.492467
East Flanders,50.7562733,3.9139943
Namur,50.27498,4.56593
Hainaut,50.4117711,4.3197732
Liège,50.6470278,5.6022236
Flemish Brabant,50.9290141,4.4339564
Brussels Capital Region,50.8542763,4.356947
Brussels Capital Region,50.8749016,4.375576
Antwerp,51.0498813,4.6308994
Hainaut,50.7459126,3.219272
Antwerp,51.32106,4.94522
West Flanders,50.831173,3.2694412
Brussels Capital Region,50.859029,4.330334
Flemish Brabant,50.98567,4.5204719
West Flanders,51.1078763,2.6577514
Liège,50.7149186,6.0117474
Liège,50.6185279,5.5675789
Hainaut,50.4086243,4.270614
Namur,50.5742906,4.7016542
East Flanders,50.93094,4.04019
Liège,50.5675864,5.8050857
East Flanders,51.16868,4.12607
Antwerp,51.18998,4.367547
West Flanders,51.2192143,2.8884419
Liège,50.7310422,5.764086
Liège,50.6367475,5.5842173
East Flanders,50.76051,3.859448
Limburg,50.969278,5.6619185
Brussels Capital Region,50.8184027,4.4168166
Luxembourg,50.37569346,5.52567249
Liège,50.6509692,5.585666
Limburg,51.057,5.27226
Luxembourg,50.1803675,5.6069133
Namur,50.2036429,4.84802818
Hainaut,50.3414098,4.2928918
Antwerp,51.32213,4.871642
West Flanders,50.7794891,3.4720798
Brussels Capital Region,50.8278982,4.3900495
Antwerp,51.05462,4.979314
Liège,50.6303377,5.5665845
East Flanders,51.1036236,3.4993948
Liège,50.4797773,5.4148686
Brussels Capital Region,50.817175,4.425082
Liège,50.6532611,5.2470067
West Flanders,50.9387847,3.1451697
Walloon Brabant,50.5886574,4.3308649
Luxembourg,50.1503963,5.7207014
Namur,49.9674303,4.5460769
Flemish Brabant,50.9329152,4.9273534
Antwerp,51.1649634,4.9754839
West Flanders,51.1089155,2.6046921
Liège,50.7305097,5.6392587
Hainaut,50.6448071,3.283159
West Flanders,50.8056031,3.2329811
Brussels Capital Region,50.87609905,4.31313303
Brussels Capital Region,50.8656328,4.3121814
Liège,50.6624934,5.4998293
East Flanders,50.76035,3.858517
Luxembourg,50.30127,5.497403
East Flanders,50.9194238,3.5693706
Brussels Capital Region,50.896355,4.3580341
Brussels Capital Region,50.8430311,4.3511199
Liège,50.5027673,5.2387624
West Flanders,51.1304138,2.7131011
Antwerp,51.20982,5.172112
West Flanders,51.1083703,2.6098455
Liège,50.5947922,5.8607928
East Flanders,51.0595823,3.699985
Antwerp,51.2040042,4.3413445
Antwerp,51.32327,4.952361
Namur,50.43725306,4.73305847
Liège,50.569446,5.5892744
Brussels Capital Region,50.8518542,4.4389306
Liège,50.6500365,5.5670471
Namur,50.3173193,5.1944907
Luxembourg,50.23167615,5.3205522
Luxembourg,50.02587444,5.36306644
Liège,50.7154406,6.0330437
Liège,50.3890025,5.9337629
Namur,50.27728646,5.07519455
Flemish Brabant,50.927262,4.424078
Namur,50.5450157,4.9778448
West Flanders,50.94466,3.12337
Antwerp,51.32402,4.953304
Namur,50.5833333,4.9
East Flanders,50.92634,3.663113
Limburg,50.9293878,5.3497681
Limburg,50.9437,5.17097
Namur,50.2963716,5.1027585
Luxembourg,50.2282896,5.3441606
Liège,50.506451,5.3768792
East Flanders,51.2033218,3.8190658
Antwerp,51.0348985,4.4870543
Luxembourg,49.6191561,5.6626668
Brussels Capital Region,50.8134322,4.4019951
Liège,50.6086091,5.8452981
Antwerp,51.3251119,4.5164881
Limburg,51.18715,5.296046
West Flanders,50.85128,2.8841900000000003
Luxembourg,49.6866415,5.7742948
Brussels Capital Region,50.8177768,4.3681345
Liège,50.5430203,5.6280771
Luxembourg,50.3465233,5.4272543
Flemish Brabant,50.82595,4.50775
Liège,50.6701111,5.6635647
Brussels Capital Region,50.85122637,4.30278507
Limburg,50.784416,5.4768852
West Flanders,51.3123743,3.1327685
East Flanders,51.0743,4.163605
Namur,50.1335125,4.7160336
Luxembourg,49.9225955,5.3804018
West Flanders,51.3132998,3.1333651
Walloon Brabant,50.68736,4.48135
Liège,50.6336167,5.6233975
Hainaut,50.39821,4.33217
Hainaut,50.4726932,4.1134782
Walloon Brabant,50.69054,4.2026
West Flanders,51.1977247,3.2343862
West Flanders,50.94466,3.12337
Luxembourg,50.0005973,5.7152666
Namur,50.43405,4.75922
Limburg,50.810983,5.2850102
Hainaut,50.1681921,4.1797618
East Flanders,51.2838374,3.625399
Limburg,50.972012,5.4421924
Liège,50.4277821,5.5287917
Antwerp,51.19493,4.481548
Flemish Brabant,50.9460097,4.5831494
West Flanders,50.7644722,3.2630123
Antwerp,51.25112,4.433446
Brussels Capital Region,50.8165562,4.3981716
Brussels Capital Region,50.8899277,4.3837589
Namur,50.0774563,4.5105574
East Flanders,50.7705978,3.8871336
Hainaut,50.6056059,3.3880367
East Flanders,51.146409,4.1769594
Liège,50.722645,6.0271355
Antwerp,51.0547929,4.5618516
Brussels Capital Region,50.8357588,4.44195
Hainaut,50.041666,4.3254042
West Flanders,50.815474,3.2718398
Brussels Capital Region,50.8263656,4.417601
Liège,50.6173529,5.5813564
East Flanders,51.0089468,3.7019618
Namur,50.20488,4.80882
Hainaut,50.4401931,3.9278728
Namur,50.3174893,4.6464726
Luxembourg,50.28933295,5.6573998
West Flanders,51.1608182,3.232479
Walloon Brabant,50.7109736,4.5306325
Antwerp,51.22128,4.432782
Walloon Brabant,50.5463818,4.5351225
West Flanders,50.8888992,3.3581999
Antwerp,51.22367,4.424618
Hainaut,50.4992803,3.6598433
Antwerp,51.0537093,4.5658244
West Flanders,51.2995421,3.0860672
Luxembourg,50.31483,5.52461
West Flanders,51.132152,2.7490255
Hainaut,50.5427462,4.4476802
Brussels Capital Region,50.8683987,4.3965952
West Flanders,51.3181959,3.137704
Limburg,50.7615781,5.2605158
Luxembourg,49.7163897,5.17451649
East Flanders,51.09173,4.13725
Limburg,51.10320705,5.17798209
Brussels Capital Region,50.8,4.3166667
Brussels Capital Region,50.8537715,4.3704657000000005
Walloon Brabant,50.71469,4.3991
Namur,50.1721958,4.4125478
Limburg,51.01388,5.725137
West Flanders,51.145351,2.7121148
East Flanders,50.77252,3.883198
Luxembourg,50.3302902,5.4357028
Walloon Brabant,50.72324,4.87098
West Flanders,50.7961693,3.1214422
Flemish Brabant,50.8351493,4.4850438
East Flanders,50.8844661,4.0815287
West Flanders,50.9156749,3.1279742
Limburg,50.93615,5.325529
Hainaut,50.4688896,4.4322027
Liège,50.1948531,6.1345804
Hainaut,50.4535222,4.4682652
Flemish Brabant,50.9969644,4.6541207
Hainaut,50.475919,4.2299939
Liège,50.6117678,5.5078901
Namur,50.35335,4.90291
Liège,50.5994497,5.5172278
Limburg,50.9520639,5.1871572
Luxembourg,49.5663899,5.5284289
Liège,50.6265499,5.5590567
Liège,50.5995713,5.8178112
Brussels Capital Region,50.8711866,4.3778721
West Flanders,50.8718133,3.3417152
Luxembourg,50.2011769,5.5399987
Namur,50.39859,4.65956
Walloon Brabant,50.71469,4.3991
Namur,50.1003926,4.9059609
Antwerp,51.32402,4.953304
Walloon Brabant,50.69054,4.2026
Hainaut,50.4240349,4.4785997
Luxembourg,50.17622752,5.48030814
Brussels Capital Region,50.8916214,4.3321539
Liège,50.5057141,5.3931054
Flemish Brabant,50.8353759,4.4750315
Brussels Capital Region,50.8909459,4.3785001
Brussels Capital Region,50.8752408,4.3025227
Namur,50.06645382,4.98641732
Namur,50.16573,4.79594
Brussels Capital Region,50.8201847,4.3858693
Antwerp,51.2063059,4.3883637
Namur,50.4647319,4.8754116
Flemish Brabant,50.8039909,5.0670314
Namur,50.2073392,4.8417497
Luxembourg,50.36153727,5.62961205
East Flanders,50.9171431,3.692189
Brussels Capital Region,50.866262,4.3131914
Brussels Capital Region,50.8408255,4.4210408
Brussels Capital Region,50.8427501,4.3515499
Hainaut,50.4241076,4.4213626
Liège,50.7217953,6.0053905
Liège,50.6380172,5.5624796
Walloon Brabant,50.66206,4.67458
Brussels Capital Region,50.8177391,4.2583333
Brussels Capital Region,50.8489724,4.4034903
Limburg,50.8222594,5.1940348
West Flanders,51.1448633,2.7330139
Hainaut,50.4219636,3.8449946
Namur,50.02212,4.87024
West Flanders,50.8227299,3.2770199
West Flanders,51.157762,3.261644
Limburg,50.8090634,5.1528372000000005
Walloon Brabant,50.69054,4.2026
Hainaut,50.4933205,3.5964119
Namur,50.3174893,4.6464726
Flemish Brabant,50.8859273,4.2671089
Brussels Capital Region,50.8116643,4.3620547
Liège,50.596437,5.498501
West Flanders,51.1222965,2.6415991
Antwerp,51.22281,4.405827
West Flanders,51.1843348,3.1753665
Limburg,51.0684128,5.1267489
Liège,50.722891,6.0123561
Hainaut,50.746124,3.5290835
East Flanders,51.22406,3.997418
Liège,50.5979663,5.524689
Limburg,51.02741,5.39806
West Flanders,50.9443681,3.1266128
Brussels Capital Region,50.8228333,4.4095735
Flemish Brabant,50.74594,4.35753
East Flanders,51.0489059,3.7603063
Liège,50.6400847,5.5644264
Luxembourg,50.37569346,5.52567249
Namur,50.13591,4.53736
Luxembourg,50.2807212,5.9128782
East Flanders,51.0794607,3.8685363
Liège,50.620212,5.576823
Liège,50.4087142,5.9564398
Namur,50.4630842,4.8686707
Brussels Capital Region,50.8531634,4.3452998
Liège,50.6642488,5.5039129
Antwerp,51.23282385,4.46079596
Namur,50.4718965,4.8653469
West Flanders,50.8677377,3.1841917
Liège,50.6479788,5.6355858
Liège,50.6363473,5.5707126
West Flanders,51.2170714,2.8823714
Luxembourg,49.662313,5.8443191
West Flanders,51.1484999,2.7189057
Antwerp,51.0888448,4.3905066
Liège,50.64308235,5.610153
Luxembourg,50.0062282,5.7180337
Brussels Capital Region,50.83437,4.38403
Brussels Capital Region,50.8979798,4.3561724
Hainaut,50.5736959,3.3039872
Hainaut,50.5447416,3.72662283
West Flanders,50.8160426,3.2670318
Limburg,51.1021094,5.2263745
Limburg,50.8087391,5.3425399
West Flanders,50.9725933,3.0129859
West Flanders,50.8759441,3.4415695
Hainaut,50.4,4.5166667
Namur,50.2787085,5.3410635
East Flanders,51.0050705,3.8870276
Walloon Brabant,50.7211,4.49388
East Flanders,51.0341685,4.0873128
West Flanders,50.9785962,3.0978698
East Flanders,50.9597659,3.5951408
East Flanders,50.9925349,3.743923
Antwerp,51.19673,4.442404
Luxembourg,49.5662506,5.8013252
Antwerp,51.31922,4.827114
Liège,50.6512663,5.5852469
West Flanders,50.8911156,3.061474
West Flanders,51.2165333,2.8790322
West Flanders,51.3513526,3.2923673
Brussels Capital Region,50.8428719,4.4577029
West Flanders,51.2409515,2.9408503
Liège,50.6547329,5.6110473
Luxembourg,50.2012794,5.5398847
Luxembourg,50.1670102,5.41552
Antwerp,51.2046475,4.48691085
Flemish Brabant,50.9522937,4.1651227
West Flanders,51.3407966,3.2579137
Brussels Capital Region,50.8501787,4.3900845
Brussels Capital Region,50.8394971,4.2979594
Namur,50.54760809,4.78727252
Liège,50.6267121,5.5374289
Brussels Capital Region,50.8295452,4.2893443
Walloon Brabant,50.71469,4.3991
Luxembourg,49.6833333,5.8166667
Liège,50.4709385,5.6766217
West Flanders,51.2170046,2.8842347
Antwerp,51.25908,4.423557
East Flanders,51.1538059,3.4269205
Limburg,50.7885285,5.4687873
Hainaut,50.4171594,4.190061
Brussels Capital Region,50.8157485,4.3466114
Brussels Capital Region,50.8427501,4.3515499
Namur,50.4143728,4.8877835
Namur,50.4242791,4.6263885
East Flanders,50.91805,3.93336
East Flanders,51.0371699,3.7581384
West Flanders,50.811334,3.1217246
Luxembourg,50.1805136,5.5773216
Namur,50.4411213,4.85936784
Hainaut,50.4278907,4.1185307
Brussels Capital Region,50.874902,4.3384109
West Flanders,51.108585,2.6213512
Liège,50.58391,5.862932
Namur,50.0182647,4.64161231
Limburg,51.0694412,5.0862167
Antwerp,51.09169193,4.52033212
West Flanders,51.3117075,3.1227942
Antwerp,51.05661,4.633364
Hainaut,50.6056059,3.3880367
Brussels Capital Region,50.8291535,4.30948344
Hainaut,50.46829715,4.57999182
Namur,50.4674593,4.8718068
West Flanders,50.9387847,3.1451697
Hainaut,50.397619,3.759109
Luxembourg,49.9149167,5.3569556
Liège,50.588699,5.8707425
Brussels Capital Region,50.8963071,4.3582083
Hainaut,50.722568,3.2326156
Limburg,50.8089945,5.6012328
Antwerp,51.18293,4.385256
Hainaut,50.4907034,3.9366035
Namur,50.3756621,4.8674002
Brussels Capital Region,50.8365808,4.308187
Namur,50.29329145,4.43263423
West Flanders,51.3453015,3.2610351
East Flanders,51.0700765,4.0403498
Antwerp,51.21156,4.436833
Namur,50.28002,4.6592400000000005
Namur,50.5022173,4.8760877
Brussels Capital Region,50.8235717,4.3766927
Brussels Capital Region,50.849374,4.3018505
Flemish Brabant,50.8325757,4.2305938
Limburg,51.0945239,5.6712947
West Flanders,51.2760111,3.0413349
West Flanders,51.2164067,2.8842813
Hainaut,50.7495812,3.20031058
Liège,50.505407,5.3260197
Liège,50.6633858,5.6827818
Liège,50.5046378,5.4232888
West Flanders,51.3530874,3.2923242
Antwerp,51.13121,4.382559
Brussels Capital Region,50.8368495,4.3407164
Hainaut,50.6056059,3.3880367
West Flanders,51.1145183,2.6398803
Namur,50.5833333,4.9
West Flanders,51.2191255,2.8862926
Namur,50.4889548,5.09380622
Brussels Capital Region,50.8582307,4.3670799
Liège,50.5416377,5.5704255
East Flanders,51.1989828,3.4896226
Liège,50.5365653,5.4842146
Namur,50.3131545,5.0606598
Antwerp,51.32402,4.953304
Flemish Brabant,50.72593,4.241063
East Flanders,51.20236,4.038462
Hainaut,50.4170316,4.46585868
Liège,50.5906656,5.9039967
West Flanders,51.3178088,3.1396427
Brussels Capital Region,50.87113,4.30253
Namur,50.37686,4.77791
Luxembourg,50.0260067,5.3727272
Flemish Brabant,50.765501,4.9215586
West Flanders,51.1692148,2.7732285
Hainaut,50.7459126,3.219272
Luxembourg,50.159002,5.6827858
East Flanders,50.9401933,4.0173035
Limburg,51.06171,5.081933
Antwerp,51.23279,4.460412
Hainaut,50.481772,4.5484311
East Flanders,51.0294004,3.7129215
Namur,50.502048,4.8790014
Liège,50.5483941,5.2411569
West Flanders,51.3090556,3.1950771
Flemish Brabant,50.88680491,4.53788082
Liège,50.7066735,5.4014498
Antwerp,51.23179,4.482069
Antwerp,51.19749,4.482278
Luxembourg,49.9648362,5.1763681
Liège,50.4309371,6.1354262
Luxembourg,49.8263889,5.1630556
Antwerp,51.18015,4.370063
Limburg,50.78163,5.132854
Namur,50.25148535,4.6021642400000005
Limburg,51.054768,5.222516
Antwerp,51.32402,4.953304
Namur,50.2180626,4.8206686
Flemish Brabant,50.7833215,4.268611
Luxembourg,49.5590944,5.5267763
Luxembourg,50.2010537,5.5401491
West Flanders,51.1697856,2.7779143
Hainaut,50.3849527,4.5795266
Hainaut,50.4552834,4.0966666
West Flanders,51.2298481,2.9133583
Liège,50.5530055,5.6603932
Namur,50.4343733,4.7310626
Flemish Brabant,50.8020914,4.2369822
Antwerp,51.22591,4.42492
Limburg,51.0674004,5.0958721
West Flanders,51.1337392,2.6871201
West Flanders,51.2143329,3.2270302
East Flanders,50.9891477,3.6566106
Namur,50.2956773,5.1008307
Luxembourg,50.3455967,5.586494
Limburg,50.8057276,5.3907171
Antwerp,51.2407352,4.5834231
Namur,50.421206,4.8633172
Limburg,51.00587,5.600772
West Flanders,51.2225183,3.2815752
Liège,50.40218,6.1218016
Liège,50.3719084,5.8712527
Hainaut,50.30861295,4.11361741
Liège,50.6127097,5.6203216
West Flanders,51.3534161,3.2927425
Liège,50.72166292,5.99329723
Walloon Brabant,50.5471524,4.5367423
Brussels Capital Region,50.88718,4.33521
West Flanders,50.85128,2.8841900000000003
East Flanders,51.0359193,3.5470901
Walloon Brabant,50.560903,4.3645787
Liège,50.3822122,6.2849941
Luxembourg,49.6833333,5.8166667
Luxembourg,50.21445,5.53161
West Flanders,51.3367173,3.240377
Liège,50.5778035,5.50222179
Antwerp,51.1352235,4.4448202
Luxembourg,49.6333289,5.829403
Hainaut,50.7459126,3.219272
Liège,50.4252349,6.0276009
Namur,49.8620429,4.9511929
West Flanders,50.7841386,3.0448969
Liège,50.6318801,5.56724434
Limburg,50.74933,5.300409
Antwerp,51.2420746,4.43963495
East Flanders,51.1785314,4.1705086
Liège,50.7258325,5.6892086
Walloon Brabant,50.5927002,4.3376694
Hainaut,50.4157265,4.449213
Brussels Capital Region,50.8528228,4.427872
Liège,50.5897779,5.7475477
Antwerp,51.2303393,4.4046019
Hainaut,50.4152138,4.3895018
Luxembourg,49.83066,5.73764
West Flanders,50.77917709,3.41015336
West Flanders,51.2560342,3.0558243
West Flanders,51.1072228,2.6088132
Brussels Capital Region,50.859601,4.3042756
East Flanders,50.95848,3.88637
Luxembourg,50.02266068,5.68763862
East Flanders,50.81614,3.830086
Brussels Capital Region,50.8189964,4.2615433
Flemish Brabant,50.69485,3.93031
Flemish Brabant,50.9898525,4.6885954
Flemish Brabant,50.7529396,3.9709758
Hainaut,50.4055556,3.8747222
Hainaut,50.701341,3.3633472
Liège,50.6162947,5.8459023
Hainaut,50.2943836,4.3309437
Antwerp,51.2078964,4.47265409
West Flanders,50.7634791,2.8979024
Antwerp,51.17092,5.166282
Limburg,50.92682,5.338538
Namur,50.05,4.4833333
Liège,50.6481919,5.7311606
East Flanders,50.9349049,3.9597695
